time,latitude,longitude,depth,mag,magType,nst,gap,dmin,rms,net,id,updated,place,type,horizontalError,depthError,magError,magNst,status,locationSource,magSource
2019-09-27T12:50:46.460Z,35.8641667,-117.6788333,1,0.77,ml,12,85,0.08186,0.2,ci,ci39096768,2019-09-27T12:54:38.658Z,"22km ESE of Little Lake, CA",earthquake,0.33,0.84,0.176,10,automatic,ci,ci
2019-09-27T12:49:13.320Z,19.4593334,-155.595993,0.36,1.85,md,20,64,0.009811,0.31,hv,hv71152876,2019-09-27T12:52:19.180Z,"28km E of Honaunau-Napoopoo, Hawaii",earthquake,0.56,0.87,0.11,9,automatic,hv,hv
2019-09-27T12:49:13.090Z,33.6086667,-116.8073333,5.69,0.33,ml,20,53,0.03905,0.14,ci,ci39096760,2019-09-27T12:53:07.645Z,"14km WNW of Anza, CA",earthquake,0.31,0.53,0.147,9,automatic,ci,ci
2019-09-27T12:41:12.691Z,62.4508,-151.1802,61.3,1.2,ml,,,,0.75,ak,ak019ceqhpxh,2019-09-27T12:44:17.575Z,"57km WNW of Talkeetna, Alaska",earthquake,,2.1,,,automatic,ak,ak
2019-09-27T12:37:37.620Z,37.651001,-118.9511642,5,0.51,md,8,130,0.01753,0.02,nc,nc73281875,2019-09-27T12:52:02.441Z,"3km ENE of Mammoth Lakes, CA",earthquake,1.36,2.79,0.08,7,automatic,nc,nc
2019-09-27T12:30:59.010Z,35.864,-117.6755,4.78,0.6,ml,11,88,0.07959,0.15,ci,ci39096744,2019-09-27T12:34:44.092Z,"22km ESE of Little Lake, CA",earthquake,0.3,0.56,0.072,7,automatic,ci,ci
2019-09-27T12:18:56.550Z,35.9161667,-117.6975,3.02,0.9,ml,14,76,0.04965,0.1,ci,ci39096720,2019-09-27T12:22:32.446Z,"19km E of Little Lake, CA",earthquake,0.2,0.83,0.094,5,automatic,ci,ci
2019-09-27T12:15:34.600Z,35.9731667,-117.6745,2.18,1.27,ml,18,62,0.03192,0.11,ci,ci39096712,2019-09-27T12:19:22.608Z,"21km E of Little Lake, CA",earthquake,0.18,0.2,0.122,18,automatic,ci,ci
2019-09-27T12:14:14.300Z,19.3101673,-155.3964996,64.91,1.99,md,37,180,0.08521,0.28,hv,hv71152806,2019-09-27T12:17:30.180Z,"14km NE of Pahala, Hawaii",earthquake,2.4,3.73,0.14,3,automatic,hv,hv
2019-09-27T12:09:35.180Z,19.22,-67.2658,31,3.52,md,23,215,0.7682,0.78,pr,pr2019270004,2019-09-27T12:49:29.790Z,"82km NNW of San Antonio, Puerto Rico",earthquake,3.42,25.56,0.25,13,reviewed,pr,pr
2019-09-27T12:05:02.639Z,-30.1309,-177.8266,35,6,mww,,23,0.887,1.09,us,us70005mea,2019-09-27T12:34:37.383Z,"96km S of Raoul Island, New Zealand",earthquake,8,1.9,0.073,18,reviewed,us,us
2019-09-27T12:04:33.628Z,63.5742,-150.7424,7.7,1.4,ml,,,,0.39,ak,ak019ceq9u1f,2019-09-27T12:09:00.146Z,"91km WNW of Cantwell, Alaska",earthquake,,0.2,,,automatic,ak,ak
2019-09-27T11:55:25.270Z,63.5766,-150.7819,7.1,1.6,ml,,,,0.65,ak,ak019cepzbbi,2019-09-27T12:02:38.307Z,"93km WNW of Cantwell, Alaska",earthquake,,0.2,,,automatic,ak,ak
2019-09-27T11:44:52.140Z,37.645668,-118.9499969,4.96,0.7,md,9,85,0.0219,0.02,nc,nc73281865,2019-09-27T12:04:03.125Z,"3km ENE of Mammoth Lakes, CA",earthquake,1.3,2.05,0.22,9,automatic,nc,nc
2019-09-27T11:33:19.740Z,35.5321667,-117.3658333,7.79,1.37,ml,29,68,0.007279,0.21,ci,ci39096688,2019-09-27T11:44:12.380Z,"26km S of Trona, CA",earthquake,0.36,0.67,0.097,20,automatic,ci,ci
2019-09-27T11:31:00.610Z,34.026,-117.5346667,2.14,0.99,ml,18,86,0.03093,0.21,ci,ci39096680,2019-09-27T11:34:38.137Z,"4km NNW of Mira Loma, CA",earthquake,0.4,0.46,0.225,32,automatic,ci,ci
2019-09-27T11:29:16.500Z,35.697,-117.4988333,10.4,1.27,ml,23,75,0.06896,0.19,ci,ci39096672,2019-09-27T11:33:00.123Z,"12km SW of Searles Valley, CA",earthquake,0.35,0.67,0.167,16,automatic,ci,ci
2019-09-27T11:26:39.530Z,35.5341667,-117.366,8.61,2.17,ml,36,67,0.009274,0.15,ci,ci39096664,2019-09-27T11:37:15.940Z,"26km S of Trona, CA",earthquake,0.24,0.46,0.138,25,automatic,ci,ci
2019-09-27T11:25:39.200Z,35.7086667,-117.5015,9.15,1.19,ml,21,139,0.07682,0.21,ci,ci39096656,2019-09-27T11:29:20.461Z,"11km SW of Searles Valley, CA",earthquake,0.44,1.06,0.108,14,automatic,ci,ci
2019-09-27T11:21:28.645Z,60.0123,-152.6655,96,1.9,ml,,,,0.44,ak,ak019ceps18m,2019-09-27T11:26:30.832Z,"52km S of Redoubt Volcano, Alaska",earthquake,,0.5,,,automatic,ak,ak
2019-09-27T11:21:24.548Z,-23.1829,-69.113,107.2,4.6,mwr,,62,0.635,0.89,us,us70005mde,2019-09-27T11:48:56.040Z,"81km SSW of Calama, Chile",earthquake,5,5.2,,,reviewed,us,guc
2019-09-27T11:19:26.500Z,37.6428337,-118.9488297,5.04,1.21,md,15,72,0.02426,0.02,nc,nc73281855,2019-09-27T11:53:03.535Z,"3km ENE of Mammoth Lakes, CA",earthquake,0.51,1.28,0.17,14,automatic,nc,nc
2019-09-27T11:16:34.950Z,35.7606667,-117.562,7.45,0.94,ml,19,137,0.06208,0.19,ci,ci39096640,2019-09-27T11:20:10.523Z,"14km W of Searles Valley, CA",earthquake,0.42,0.88,0.209,10,automatic,ci,ci
2019-09-27T11:11:00.454Z,38.8495,142.142,35,4.6,mb,,145,1.445,0.8,us,us70005mdc,2019-09-27T12:10:42.040Z,"44km SE of Ofunato, Japan",earthquake,7.9,2,0.103,28,reviewed,us,us
2019-09-27T11:08:50.600Z,35.7308333,-117.4936667,0.99,0.84,ml,19,83,0.08686,0.16,ci,ci39096632,2019-09-27T11:12:32.464Z,"9km WSW of Searles Valley, CA",earthquake,0.3,0.51,0.109,9,automatic,ci,ci
2019-09-27T11:05:35.320Z,61.6507,-149.7943,55.3,1,ml,,,,0.36,ak,ak019cepomav,2019-09-27T11:14:27.975Z,"2km NNE of Houston, Alaska",earthquake,,0.6,,,automatic,ak,ak
2019-09-27T11:03:52.443Z,68.9235,-146.7033,0,2,ml,,,,0.62,ak,ak019cepo82q,2019-09-27T11:07:06.059Z,"100km NNW of Arctic Village, Alaska",earthquake,,0.3,,,automatic,ak,ak
2019-09-27T11:00:06.620Z,35.6198333,-117.4705,9.73,1.3,ml,22,61,0.02708,0.16,ci,ci39096624,2019-09-27T11:03:53.410Z,"18km SSW of Searles Valley, CA",earthquake,0.3,0.46,0.202,19,automatic,ci,ci
2019-09-27T10:58:29.213Z,37.8918,88.9886,10,5,mb,,81,9.315,1.02,us,us70005md4,2019-09-27T11:20:56.040Z,"Southern Xinjiang, China",earthquake,8.6,1.9,0.05,129,reviewed,us,us
2019-09-27T10:53:00.207Z,69.6484,-144.2553,8.8,1.9,ml,,,,0.99,ak,ak019cepdeck,2019-09-27T10:56:23.846Z,"59km SSW of Kaktovik, Alaska",earthquake,,0.4,,,automatic,ak,ak
2019-09-27T10:44:08.574Z,60.0298,-140.6822,11.1,1.4,ml,,,,0.61,ak,ak019cepbhli,2019-09-27T10:48:42.071Z,"75km NW of Yakutat, Alaska",earthquake,,0.2,,,automatic,ak,ak
2019-09-27T10:43:48.440Z,37.6478348,-118.9514999,5.18,0.83,md,7,144,0.02042,0.02,nc,nc73281840,2019-09-27T10:52:01.785Z,"3km ENE of Mammoth Lakes, CA",earthquake,1.06,1.93,0.15,7,automatic,nc,nc
2019-09-27T10:38:33.090Z,19.1583328,-155.4570007,35.3,1.86,md,43,172,0.09677,0.12,hv,hv71152616,2019-09-27T10:41:50.090Z,"5km SSE of Pahala, Hawaii",earthquake,0.63,0.74,0.2,3,automatic,hv,hv
2019-09-27T10:36:46.190Z,36.1396667,-118.0208333,0.64,1.47,ml,19,83,0.1362,0.18,ci,ci39096616,2019-09-27T10:40:16.286Z,"12km NNW of Coso Junction, CA",earthquake,0.29,0.66,0.2,20,automatic,ci,ci
2019-09-27T10:33:57.920Z,35.534,-118.1411667,4.64,1.53,ml,35,56,0.002717,0.15,ci,ci39096608,2019-09-27T10:44:57.920Z,"31km ESE of Lake Isabella, CA",earthquake,0.21,0.41,0.179,26,automatic,ci,ci
2019-09-27T10:31:15.340Z,38.8025017,-122.7558365,0.6,0.77,md,9,76,0.02027,0.03,nc,nc73281825,2019-09-27T10:43:03.732Z,"3km N of The Geysers, CA",earthquake,0.3,1.32,0.16,2,automatic,nc,nc
2019-09-27T10:30:40.780Z,33.0501667,-116.4663333,6.96,0.86,ml,26,132,0.1973,0.19,ci,ci39096600,2019-09-27T10:34:24.740Z,"13km ESE of Julian, CA",earthquake,0.43,1.48,0.139,16,automatic,ci,ci
2019-09-27T10:29:20.750Z,38.7999992,-122.7583313,-0.19,1.58,md,15,55,0.02192,0.02,nc,nc73281820,2019-09-27T11:43:02.775Z,"2km N of The Geysers, CA",earthquake,0.18,0.6,0.36,5,automatic,nc,nc
2019-09-27T10:29:14.936Z,57.9441,-156.1734,134.3,2,ml,,,,0.63,ak,ak019cep8aal,2019-09-27T10:32:48.710Z,"87km SSE of King Salmon, Alaska",earthquake,,0.8,,,automatic,ak,ak
2019-09-27T10:28:45.090Z,38.8008347,-122.7580032,0.56,2.34,md,9,75,0.02163,0.02,nc,nc73281815,2019-09-27T11:32:02.810Z,"3km N of The Geysers, CA",earthquake,0.24,1.19,0.15,2,automatic,nc,nc
2019-09-27T10:28:36.420Z,38.8035011,-122.7583313,0.63,0.54,md,6,140,0.02061,0.02,nc,nc73281810,2019-09-27T11:32:03.714Z,"3km N of The Geysers, CA",earthquake,0.57,2.24,0.02,2,automatic,nc,nc
2019-09-27T10:27:52.230Z,38.7996674,-122.7573318,0.47,1.48,md,19,54,0.02274,0.04,nc,nc73281805,2019-09-27T11:22:02.754Z,"2km N of The Geysers, CA",earthquake,0.19,0.44,0.13,7,automatic,nc,nc
2019-09-27T10:25:14.617Z,63.3108,-145.3459,7.1,0.9,ml,,,,0.4,ak,ak019cep7fet,2019-09-27T10:29:07.779Z,"62km S of Deltana, Alaska",earthquake,,0.4,,,automatic,ak,ak
2019-09-27T10:22:02.870Z,36.8541679,-121.5196686,5,1.34,md,14,170,0.03785,0.05,nc,nc73281795,2019-09-27T11:01:03.618Z,"2km ENE of San Juan Bautista, CA",earthquake,0.38,0.57,0.16,11,automatic,nc,nc
2019-09-27T10:20:14.270Z,19.1494999,-155.4538269,33.37,1.91,md,39,175,0.1025,0.13,hv,hv71152601,2019-09-27T10:23:41.300Z,"6km SSE of Pahala, Hawaii",earthquake,0.72,0.83,0.5,3,automatic,hv,hv
2019-09-27T10:17:15.940Z,38.8146667,-122.8284988,2.56,0.61,md,12,60,0.005814,0.02,nc,nc73281790,2019-09-27T10:50:03.777Z,"8km WNW of The Geysers, CA",earthquake,0.31,0.98,0.36,2,automatic,nc,nc
2019-09-27T10:08:31.710Z,38.833168,-122.800499,1.99,0.56,md,9,95,0.009502,0.02,nc,nc73281780,2019-09-27T12:34:03.329Z,"7km W of Cobb, CA",earthquake,0.42,1.03,,1,automatic,nc,nc
2019-09-27T10:04:24.386Z,61.5193,-149.8992,40.4,1.2,ml,,,,0.76,ak,ak019cep2y4n,2019-09-27T10:08:23.836Z,"2km E of Big Lake, Alaska",earthquake,,0.8,,,automatic,ak,ak
2019-09-27T10:02:44.860Z,33.9721667,-117.2181667,11.08,1.68,ml,70,36,0.0451,0.21,ci,ci39096592,2019-09-27T10:13:44.190Z,"5km N of Moreno Valley, CA",earthquake,0.19,0.38,0.202,25,automatic,ci,ci
2019-09-27T09:57:25.890Z,33.7273333,-116.8371667,14.85,0.51,ml,16,213,0.08264,0.13,ci,ci39096584,2019-09-27T10:01:13.134Z,"6km ESE of Valle Vista, CA",earthquake,0.79,0.61,0.152,13,automatic,ci,ci
2019-09-27T09:56:30.678Z,61.5378,-149.9303,31.7,1.1,ml,,,,0.56,ak,ak019ceoso8f,2019-09-27T09:59:31.663Z,"2km NE of Big Lake, Alaska",earthquake,,0.2,,,automatic,ak,ak
2019-09-27T09:56:29.290Z,38.3483,-118.9153,5,1.3,ml,8,166.65,0.336,0.11,nn,nn00705561,2019-09-27T10:04:23.423Z,"29km ENE of Bridgeport, California",earthquake,,12.7,,,automatic,nn,nn
2019-09-27T09:54:57.700Z,38.8371658,-122.7926636,1.93,0.56,md,7,109,0.002196,0.01,nc,nc73281775,2019-09-27T10:29:02.626Z,"6km WNW of Cobb, CA",earthquake,0.55,1.59,,1,automatic,nc,nc
2019-09-27T09:42:00.430Z,35.6673333,-117.4298333,2.73,1.74,ml,26,86,0.005474,0.2,ci,ci39096568,2019-09-27T09:45:59.932Z,"11km SSW of Searles Valley, CA",earthquake,0.28,0.41,0.199,26,automatic,ci,ci
2019-09-27T09:40:34.150Z,35.669,-117.4431667,4.11,1.03,ml,14,128,0.01633,0.12,ci,ci39096560,2019-09-27T09:44:20.922Z,"12km SSW of Searles Valley, CA",earthquake,0.28,0.51,0.233,11,automatic,ci,ci
2019-09-27T09:35:54.450Z,37.6414986,-118.9404984,5.11,0.9,md,9,101,0.02451,0.01,nc,nc73281765,2019-09-27T10:07:04.511Z,"3km E of Mammoth Lakes, CA",earthquake,0.77,3.06,0.1,9,automatic,nc,nc
2019-09-27T09:17:42.710Z,37.6458321,-118.9481659,5.64,0.68,md,8,123,0.02125,0.01,nc,nc73281750,2019-09-27T09:56:03.438Z,"3km ENE of Mammoth Lakes, CA",earthquake,1.24,1.85,0.22,8,automatic,nc,nc
2019-09-27T09:17:03.950Z,37.6433334,-118.949501,4.87,1.73,md,18,65,0.02395,0.02,nc,nc73281740,2019-09-27T11:41:04.762Z,"3km ENE of Mammoth Lakes, CA",earthquake,0.4,0.69,0.18,18,automatic,nc,nc
2019-09-27T09:16:04.319Z,54.3171,-161.1543,10,3.9,mb,,202,1.046,0.91,us,us70005mbg,2019-09-27T10:43:00.040Z,"115km WSW of Chernabura Island, Alaska",earthquake,5.8,2,0.092,31,reviewed,us,us
2019-09-27T09:10:56.330Z,38.8144989,-122.822998,3.34,0.58,md,14,68,0.007411,0.01,nc,nc73281735,2019-09-27T11:14:02.704Z,"7km NW of The Geysers, CA",earthquake,0.31,0.94,0.02,3,automatic,nc,nc
2019-09-27T09:10:19.208Z,60.147,-139.5022,2,1.1,ml,,,,0.32,ak,ak019ceoisf4,2019-09-27T09:13:13.655Z,"68km N of Yakutat, Alaska",earthquake,,0.4,,,automatic,ak,ak
2019-09-27T09:06:32.510Z,35.6336667,-117.4691667,5.3,1.8,ml,26,57,0.039,0.15,ci,ci39096552,2019-09-27T09:10:28.717Z,"16km SSW of Searles Valley, CA",earthquake,0.21,0.31,0.175,26,automatic,ci,ci
2019-09-27T09:04:26.560Z,35.6808333,-117.5458333,6.25,0.93,ml,13,123,0.06165,0.15,ci,ci39096544,2019-09-27T09:08:09.619Z,"14km ENE of Ridgecrest, CA",earthquake,0.39,1.23,0.116,10,automatic,ci,ci
2019-09-27T08:48:10.650Z,35.6501667,-117.4588333,3.17,0.75,ml,15,84,0.03228,0.19,ci,ci39096536,2019-09-27T08:51:48.070Z,"14km SSW of Searles Valley, CA",earthquake,0.38,0.45,0.114,7,automatic,ci,ci
2019-09-27T08:47:45.850Z,36.5558333,-89.6481667,8.23,3.27,md,67,22,0.03076,0.12,nm,nm60287956,2019-09-27T12:35:30.127Z,"4km SW of Lilbourn, Missouri",earthquake,0.15,0.32,0.142,71,reviewed,nm,nm
2019-09-27T08:44:08.228Z,64.6487,-146.8722,4,1.4,ml,,,,0.72,ak,ak019ceo4mba,2019-09-27T08:51:59.721Z,"8km E of Eielson Air Force Base, Alaska",earthquake,,0.3,,,automatic,ak,ak
2019-09-27T08:42:28.083Z,59.7115,-152.3669,63.2,2,ml,,,,0.57,ak,ak019ceo48fa,2019-09-27T08:48:48.494Z,"30km WSW of Anchor Point, Alaska",earthquake,,0.6,,,automatic,ak,ak
2019-09-27T08:33:57.300Z,33.1033333,-116.5966667,9.08,0.89,ml,25,132,0.0223,0.2,ci,ci39096520,2019-09-27T08:37:30.534Z,"3km N of Julian, CA",earthquake,0.38,0.73,0.185,22,automatic,ci,ci
2019-09-27T08:28:02.340Z,35.6326667,-117.432,4.26,1.7,ml,29,85,0.03308,0.18,ci,ci39096512,2019-09-27T08:39:17.080Z,"15km S of Searles Valley, CA",earthquake,0.29,0.45,0.201,26,automatic,ci,ci
2019-09-27T08:20:49.970Z,35.8633333,-117.6686667,8.83,0.45,ml,8,107,0.07482,0.05,ci,ci39096504,2019-09-27T08:24:25.470Z,"23km ESE of Little Lake, CA",earthquake,0.25,1.12,0.063,6,automatic,ci,ci
2019-09-27T08:17:56.230Z,35.6231667,-117.3475,8.91,0.83,ml,12,157,0.05987,0.22,ci,ci39096496,2019-09-27T08:24:21.133Z,"16km S of Trona, CA",earthquake,0.77,1.16,0.158,8,automatic,ci,ci
2019-09-27T08:01:44.089Z,53.4548,-165.9252,46.02,4.1,mb,,189,0.687,1.15,us,us70005m9z,2019-09-27T08:26:04.774Z,"61km SE of Unalaska, Alaska",earthquake,4.7,9.6,0.135,15,reviewed,us,us
2019-09-27T08:01:13.440Z,33.5181667,-116.5033333,13.86,0.58,ml,23,78,0.04553,0.17,ci,ci39096488,2019-09-27T08:04:59.020Z,"16km ESE of Anza, CA",earthquake,0.27,0.51,0.203,14,automatic,ci,ci
2019-09-27T08:00:35.290Z,35.6663333,-117.532,7.92,0.87,ml,15,101,0.05354,0.14,ci,ci39096480,2019-09-27T08:04:12.343Z,"14km ENE of Ridgecrest, CA",earthquake,0.31,0.65,0.173,10,automatic,ci,ci
2019-09-27T07:47:53.204Z,62.4937,-152.3776,0,1.6,ml,,,,0.93,ak,ak019cenjxbt,2019-09-27T07:56:38.265Z,"118km W of Talkeetna, Alaska",earthquake,,0.3,,,automatic,ak,ak
2019-09-27T07:47:07.740Z,35.5778333,-117.4106667,8.37,1.96,ml,36,65,0.04289,0.22,ci,ci39096472,2019-09-27T07:58:06.540Z,"21km S of Trona, CA",earthquake,0.34,0.59,0.132,26,automatic,ci,ci
2019-09-27T07:41:01.670Z,35.6911667,-117.5366667,11.32,0.9,ml,18,110,0.07386,0.17,ci,ci39096464,2019-09-27T07:44:49.047Z,"15km SW of Searles Valley, CA",earthquake,0.39,0.8,0.159,8,automatic,ci,ci
2019-09-27T07:29:35.834Z,-21.1663,-69.0165,98.09,4.4,mwr,,49,0.456,0.55,us,us70005m9d,2019-09-27T08:01:15.040Z,"144km N of Calama, Chile",earthquake,6,5.3,0.057,30,reviewed,us,us
2019-09-27T07:28:17.620Z,19.3234997,-155.3773346,29.47,1.79,ml,48,81,0.01259,0.13,hv,hv71152416,2019-09-27T07:33:59.430Z,"16km NE of Pahala, Hawaii",earthquake,0.52,0.63,0.44,3,automatic,hv,hv
2019-09-27T07:25:01.838Z,63.736,-149.2774,11.7,1.2,ml,,,,0.26,ak,ak019cenf3lz,2019-09-27T07:27:32.094Z,"20km SW of Healy, Alaska",earthquake,,0.3,,,automatic,ak,ak
2019-09-27T07:12:23.140Z,33.2233333,-116.7455,10.06,0.53,ml,21,56,0.01681,0.17,ci,ci39096448,2019-09-27T07:15:55.035Z,"3km SE of Lake Henshaw, CA",earthquake,0.34,0.7,0.131,12,automatic,ci,ci
2019-09-27T07:08:35.150Z,35.6905,-117.5416667,11.18,1.32,ml,25,58,0.07187,0.13,ci,ci39096440,2019-09-27T07:12:22.858Z,"14km ENE of Ridgecrest, CA",earthquake,0.21,0.39,0.211,16,automatic,ci,ci
2019-09-27T07:07:55.250Z,38.8134995,-122.8123322,2.17,0.78,md,16,48,0.01004,0.03,nc,nc73281710,2019-09-27T07:22:02.386Z,"6km NW of The Geysers, CA",earthquake,0.26,0.65,0.13,2,automatic,nc,nc
2019-09-27T07:06:41.650Z,19.0103,-67.147,5,3.03,md,17,214,0.544,0.43,pr,pr2019270003,2019-09-27T07:51:17.853Z,"57km NNW of Isabela, Puerto Rico",earthquake,1.09,1.76,0.35,17,reviewed,pr,pr
2019-09-27T07:04:26.330Z,35.6901667,-117.5398333,11.27,1.27,ml,23,58,0.07204,0.12,ci,ci39096432,2019-09-27T07:14:52.070Z,"14km ENE of Ridgecrest, CA",earthquake,0.21,0.35,0.269,15,automatic,ci,ci
2019-09-27T06:46:51.178Z,65.5168,-148.1467,0,1.2,ml,,,,1.04,ak,ak019cemy9tk,2019-09-27T06:53:15.887Z,"74km N of Ester, Alaska",earthquake,,1.2,,,automatic,ak,ak
2019-09-27T06:46:41.620Z,61.467,-151.2151,5.1,1.3,ml,,,,0.71,ak,ak019cemy941,2019-09-27T06:51:34.761Z,"67km W of Big Lake, Alaska",earthquake,,0.3,,,automatic,ak,ak
2019-09-27T06:40:49.430Z,36.1018333,-117.857,2.74,1.46,ml,19,54,0.01581,0.13,ci,ci39096424,2019-09-27T06:44:37.851Z,"10km NE of Coso Junction, CA",earthquake,0.24,0.43,0.273,20,automatic,ci,ci
2019-09-27T06:31:51.270Z,65.3701,-153.4311,0,1.5,ml,,,,0.46,ak,ak019cemv247,2019-09-27T06:44:42.696Z,"66km WNW of Tanana, Alaska",earthquake,,0.6,,,automatic,ak,ak
2019-09-27T06:09:55.230Z,35.8163333,-117.6438333,3.74,1.09,ml,21,69,0.03765,0.16,ci,ci39096416,2019-09-27T06:13:33.688Z,"22km N of Ridgecrest, CA",earthquake,0.25,0.57,0.119,13,automatic,ci,ci
2019-09-27T06:08:20.820Z,19.0656,-67.1473,75,2.9,md,17,218,0.5992,0.74,pr,pr2019270002,2019-09-27T07:23:18.040Z,"71km N of Isabela, Puerto Rico",earthquake,4.55,8.36,0.25,17,reviewed,pr,pr
2019-09-27T06:02:45.900Z,35.6525,-117.4656667,2.24,1.42,ml,19,71,0.03643,0.13,ci,ci39096408,2019-09-27T06:13:37.070Z,"14km SSW of Searles Valley, CA",earthquake,0.2,0.28,0.22,19,automatic,ci,ci
2019-09-27T05:54:55.120Z,37.6506653,-119.0376663,-2.76,0.86,md,8,150,0.01027,0.15,nc,nc73281695,2019-09-27T06:32:03.039Z,"5km WNW of Mammoth Lakes, CA",earthquake,0.76,3.33,0.24,7,automatic,nc,nc
2019-09-27T05:50:57.960Z,36.8355,-115.3877,0.8,1.3,ml,19,119.29,0.377,0.25,nn,nn00705541,2019-09-27T06:04:05.319Z,"62km SSW of Alamo, Nevada",earthquake,,20.2,,,automatic,nn,nn
2019-09-27T05:43:28.580Z,35.9645,-117.6673333,2.55,1.68,ml,26,46,0.02153,0.13,ci,ci39096392,2019-09-27T05:47:14.998Z,"22km E of Little Lake, CA",earthquake,0.17,0.21,0.194,26,automatic,ci,ci
2019-09-27T05:39:30.230Z,35.6716667,-117.5165,1.31,1.38,ml,26,54,0.06548,0.16,ci,ci39096384,2019-09-27T05:50:27.660Z,"15km SW of Searles Valley, CA",earthquake,0.24,0.41,0.145,20,automatic,ci,ci
2019-09-27T05:36:13.970Z,35.6515,-117.54,4.2,1.28,ml,25,76,0.03777,0.19,ci,ci39096376,2019-09-27T05:39:57.972Z,"13km ENE of Ridgecrest, CA",earthquake,0.27,0.58,0.172,17,automatic,ci,ci
2019-09-27T05:35:29.741Z,58.4534,-138.7238,0,2.2,ml,,,,0.96,ak,ak019cemafpq,2019-09-27T05:39:00.775Z,"134km SSE of Yakutat, Alaska",earthquake,,0.4,,,automatic,ak,ak
2019-09-27T05:32:06.440Z,36.8238,-115.395,0.2,1.1,ml,16,121.64,0.362,0.24,nn,nn00705536,2019-09-27T05:38:04.632Z,"63km SSW of Alamo, Nevada",earthquake,,21,,,automatic,nn,nn
2019-09-27T05:25:49.394Z,36.40930176,-96.9330368,3.674937487,1.52,ml,17,75.31033325,0.008079743944,0.1303645398,ok,ok2019sxxb,2019-09-27T05:29:31.958Z,"14km NW of Pawnee, Oklahoma",earthquake,3.170665242,2.387440728,,13,automatic,ok,ok
2019-09-27T05:25:01.600Z,38.8201675,-122.8166656,3.33,0.56,md,7,134,0.01493,0.02,nc,nc73281670,2019-09-27T05:49:02.680Z,"7km NW of The Geysers, CA",earthquake,0.67,1.72,,1,automatic,nc,nc
2019-09-27T05:20:10.300Z,36.8349991,-121.3271637,9.54,1.52,md,12,170,0.07008,0.15,nc,nc73281660,2019-09-27T09:24:03.149Z,"4km NE of Ridgemark, CA",earthquake,1.18,1.6,0.23,9,automatic,nc,nc
2019-09-27T05:09:23.180Z,35.6346667,-117.43,4.09,1.07,ml,17,102,0.03082,0.24,ci,ci39096368,2019-09-27T05:13:10.288Z,"15km S of Searles Valley, CA",earthquake,0.51,0.89,0.146,14,automatic,ci,ci
2019-09-27T05:02:38.740Z,37.6418343,-118.9509964,4.55,1.14,md,17,60,0.02564,0.02,nc,nc73281650,2019-09-27T05:17:02.194Z,"2km ENE of Mammoth Lakes, CA",earthquake,0.37,0.74,0.2,16,automatic,nc,nc
2019-09-27T05:01:40.269Z,61.8187,-150.294,45.3,1.3,ml,,,,0.75,ak,ak019cem3663,2019-09-27T05:05:44.724Z,"15km WNW of Willow, Alaska",earthquake,,0.5,,,automatic,ak,ak
2019-09-27T05:00:39.070Z,38.3418,-118.9187,7.7,1.5,ml,10,65.66,0.337,0.13,nn,nn00705533,2019-09-27T05:33:43.212Z,"28km ENE of Bridgeport, California",earthquake,,12.7,,,automatic,nn,nn
2019-09-27T04:59:22.235Z,35.28669357,-97.93930054,3.109529257,2.2,ml,30,47.60836792,0.1308849007,0.6417064235,ok,ok2019sxwf,2019-09-27T05:03:01.318Z,"2km S of Minco, Oklahoma",earthquake,2.139133778,1.652179676,,24,automatic,ok,ok
2019-09-27T04:47:37.250Z,37.6421661,-118.947998,5.07,2.12,md,23,62,0.02471,0.02,nc,nc73281645,2019-09-27T08:59:03.006Z,"3km ENE of Mammoth Lakes, CA",earthquake,0.39,0.61,0.3,21,automatic,nc,nc
2019-09-27T04:42:59.440Z,35.6305,-117.4726667,2.63,1.36,ml,22,56,0.03486,0.17,ci,ci39096344,2019-09-27T04:46:46.619Z,"16km SSW of Searles Valley, CA",earthquake,0.25,0.31,0.177,19,automatic,ci,ci
2019-09-27T04:42:20.120Z,36.7713333,-89.2541667,16.82,3.03,md,53,41,0.09948,0.15,nm,nm60287946,2019-09-27T13:00:10.670Z,"11km E of East Prairie, Missouri",earthquake,0.19,0.39,0.12,50,reviewed,nm,nm
2019-09-27T04:41:06.090Z,37.6443329,-118.9498367,4.95,1.27,md,16,103,0.0231,0.02,nc,nc73281640,2019-09-27T08:44:02.920Z,"3km ENE of Mammoth Lakes, CA",earthquake,0.55,1.21,0.15,16,automatic,nc,nc
2019-09-27T04:40:18.260Z,39.533,-120.3583,12,1.4,ml,13,181.4,0.119,0.09,nn,nn00705528,2019-09-27T04:44:24.015Z,"27km NNW of Truckee, California",earthquake,,1.9,,,automatic,nn,nn
2019-09-27T04:40:07.390Z,38.7985001,-122.7788315,3.33,0.88,md,14,85,0.01597,0.03,nc,nc73281635,2019-09-27T04:54:03.011Z,"3km NW of The Geysers, CA",earthquake,0.32,0.78,0.02,3,automatic,nc,nc
2019-09-27T04:32:43.648Z,-8.9151,-75.03,35,4.5,mb,,114,3.535,0.54,us,us70005m7b,2019-09-27T05:05:15.040Z,"54km SSW of Campoverde, Peru",earthquake,7.5,2,0.09,36,reviewed,us,us
2019-09-27T04:31:01.680Z,35.7815,-117.6133333,9.69,1.85,ml,29,105,0.03651,0.15,ci,ci39096336,2019-09-27T04:41:59.830Z,"19km NNE of Ridgecrest, CA",earthquake,0.25,0.59,0.216,27,automatic,ci,ci
2019-09-27T04:17:45.929Z,65.8437,-156.378,7.4,1.4,ml,,,,0.59,ak,ak019cell6gw,2019-09-27T04:24:17.092Z,"120km S of Kobuk, Alaska",earthquake,,0.4,,,automatic,ak,ak
2019-09-27T04:05:12.200Z,35.6275,-117.4655,4.87,1.52,ml,25,62,0.03556,0.15,ci,ci39096328,2019-09-27T04:15:55.400Z,"16km SSW of Searles Valley, CA",earthquake,0.29,0.4,0.147,24,automatic,ci,ci
2019-09-27T03:55:00.130Z,36.08,-117.8536667,6.09,1.27,ml,15,132,0.03751,0.19,ci,ci39096320,2019-09-27T03:58:33.986Z,"9km ENE of Coso Junction, CA",earthquake,0.48,0.67,0.202,19,automatic,ci,ci
2019-09-27T03:52:51.920Z,35.8891667,-117.7373333,0.78,0.41,ml,10,117,0.08349,0.18,ci,ci39096312,2019-09-27T03:56:27.253Z,"16km ESE of Little Lake, CA",earthquake,0.36,0.93,0.089,5,automatic,ci,ci
2019-09-27T03:51:38.530Z,19.092,-67.2023,8,4.7,ml,23,209,0.6311,0.43,pr,pr2019270000,2019-09-27T06:01:37.160Z,"49km N of San Antonio, Puerto Rico",earthquake,1.65,31.61,0.38,14,reviewed,pr,pr
2019-09-27T03:50:05.140Z,35.6,-117.4005,8.14,2.4,ml,37,78,0.05206,0.16,ci,ci39096304,2019-09-27T04:01:21.980Z,"18km S of Trona, CA",earthquake,0.24,0.43,0.129,26,automatic,ci,ci
2019-09-27T03:43:07.345Z,62.5921,-150.7469,75.7,1.5,ml,,,,0.53,ak,ak019cel58i5,2019-09-27T03:47:40.232Z,"44km NW of Talkeetna, Alaska",earthquake,,1,,,automatic,ak,ak
2019-09-27T03:40:39.470Z,37.6430016,-118.9375,6.23,0.59,md,8,110,0.02307,0.01,nc,nc73281620,2019-09-27T04:12:03.580Z,"4km E of Mammoth Lakes, CA",earthquake,1.24,3.76,0.11,6,automatic,nc,nc
2019-09-27T03:37:42.670Z,33.5853333,-116.8123333,4.85,1.41,ml,58,25,0.04112,0.2,ci,ci39096296,2019-09-27T03:48:20.130Z,"13km WNW of Anza, CA",earthquake,0.19,0.71,0.116,27,automatic,ci,ci
2019-09-27T03:34:25.820Z,33.5846667,-116.8101667,4.87,0.85,ml,40,34,0.03949,0.16,ci,ci39096288,2019-09-27T03:38:05.727Z,"13km WNW of Anza, CA",earthquake,0.2,0.54,0.141,27,automatic,ci,ci
2019-09-27T03:32:29.758Z,41.9882,144.4739,42.37,4.6,mb,,169,0.981,0.88,us,us70005m6y,2019-09-27T03:53:56.040Z,"109km S of Kushiro, Japan",earthquake,10.2,5.4,0.129,18,reviewed,us,us
2019-09-27T03:26:29.630Z,37.6438332,-118.9499969,5.1,1.1,md,14,82,0.02361,0.01,nc,nc73281610,2019-09-27T07:24:02.394Z,"3km ENE of Mammoth Lakes, CA",earthquake,0.67,1.4,0.25,13,automatic,nc,nc
2019-09-27T03:25:36.414Z,-7.6741,127.5604,170.79,4.4,mb,,120,3.716,1.35,us,us70005m6r,2019-09-27T03:42:05.040Z,"239km ENE of Dili, East Timor",earthquake,10.4,9.4,0.144,14,reviewed,us,us
2019-09-27T03:22:33.620Z,19.1945,-155.4473267,35.11,1.92,md,42,192,0.06361,0.11,hv,hv71152161,2019-09-27T03:25:39.570Z,"3km ESE of Pahala, Hawaii",earthquake,0.66,0.76,0.24,9,automatic,hv,hv
2019-09-27T03:19:01.205Z,-55.3567,-27.925,10,5,mb,,109,19.547,0.55,us,us70005m74,2019-09-27T04:16:26.040Z,"156km NNW of Visokoi Island, South Georgia and the South Sandwich Islands",earthquake,15.5,1.9,0.113,25,reviewed,us,us
2019-09-27T03:17:59.830Z,-8.2456,-74.2303,151.14,4.8,mb,,104,4.52,0.76,us,us70005m6j,2019-09-27T04:18:29.850Z,"38km ENE of Pucallpa, Peru",earthquake,9.4,7.8,0.038,217,reviewed,us,us
2019-09-27T03:13:17.690Z,33.5818333,-116.8126667,4.88,1.74,ml,70,21,0.04223,0.22,ci,ci39096264,2019-09-27T03:24:45.500Z,"13km WNW of Anza, CA",earthquake,0.19,0.65,0.123,26,automatic,ci,ci
2019-09-27T03:09:40.370Z,35.7456667,-117.4975,6.33,1.07,ml,16,156,0.1003,0.13,ci,ci39096256,2019-09-27T03:13:24.814Z,"9km WSW of Searles Valley, CA",earthquake,0.42,1.02,0.162,9,automatic,ci,ci
2019-09-27T02:57:35.290Z,18.9013,-67.0885,73,2.77,md,7,307,0.6477,0.28,pr,pr2019270001,2019-09-27T08:38:08.807Z,"44km N of Isabela, Puerto Rico",earthquake,3.31,4.64,0.08,5,reviewed,pr,pr
2019-09-27T02:56:37.358Z,61.7138,-150.0333,34.8,1.4,ml,,,,0.79,ak,ak019cekmniv,2019-09-27T03:00:41.834Z,"3km S of Willow, Alaska",earthquake,,0.3,,,automatic,ak,ak
2019-09-27T02:50:03.150Z,35.6785,-117.5645,6.78,0.74,ml,12,117,0.05646,0.18,ci,ci39096240,2019-09-27T02:53:50.130Z,"12km ENE of Ridgecrest, CA",earthquake,0.5,1.08,0.112,7,automatic,ci,ci
2019-09-27T02:45:54.050Z,19.1886673,-155.4438324,34.05,1.99,md,40,200,0.0654,0.12,hv,hv71152101,2019-09-27T02:49:05.770Z,"4km ESE of Pahala, Hawaii",earthquake,0.62,0.95,0.11,3,automatic,hv,hv
2019-09-27T02:45:21.570Z,37.6448326,-118.9483337,5.53,0.64,md,9,125,0.02224,0.02,nc,nc73281600,2019-09-27T02:54:03.084Z,"3km ENE of Mammoth Lakes, CA",earthquake,1.29,1.96,0.18,9,automatic,nc,nc
2019-09-27T02:43:56.820Z,33.5031667,-116.7901667,6.75,0.66,ml,24,36,0.07617,0.18,ci,ci39096224,2019-09-27T02:47:46.336Z,"10km NE of Aguanga, CA",earthquake,0.25,0.93,0.126,22,automatic,ci,ci
2019-09-27T02:38:49.498Z,68.813,-146.2083,0,1.9,ml,,,,0.91,ak,ak019cekitkc,2019-09-27T02:45:28.917Z,"81km NNW of Arctic Village, Alaska",earthquake,,0.4,,,automatic,ak,ak
2019-09-27T02:36:31.850Z,38.8344994,-122.7935028,1.73,1.04,md,19,71,0.004618,0.03,nc,nc73281595,2019-09-27T02:43:04.024Z,"6km WNW of Cobb, CA",earthquake,0.22,0.38,0.16,5,automatic,nc,nc
2019-09-27T02:36:02.500Z,35.6778333,-117.4105,6.1,1.71,ml,25,106,0.01662,0.19,ci,ci39096216,2019-09-27T02:46:30.340Z,"10km S of Searles Valley, CA",earthquake,0.37,0.66,0.108,27,automatic,ci,ci
2019-09-27T02:31:16.640Z,37.6425018,-118.9499969,4.63,1.16,md,17,73,0.02486,0.02,nc,nc73281585,2019-09-27T03:42:02.387Z,"3km ENE of Mammoth Lakes, CA",earthquake,0.5,1.07,0.17,16,automatic,nc,nc
2019-09-27T02:30:20.590Z,37.9221649,-122.291832,2.18,1.29,md,10,106,0.03818,0.03,nc,nc73281580,2019-09-27T06:30:03.024Z,"2km NW of Kensington, CA",earthquake,0.65,2.05,0.25,7,automatic,nc,nc
2019-09-27T02:29:39.877Z,-21.913,-179.3607,604.95,4.6,mb,,128,4.808,0.59,us,us70005m5n,2019-09-27T02:46:37.040Z,"155km SSW of Ndoi Island, Fiji",earthquake,13.9,8.9,0.098,31,reviewed,us,us
2019-09-27T02:26:32.460Z,38.8370018,-122.791832,2.01,0.83,md,10,77,0.01329,0.02,nc,nc73281575,2019-09-27T02:34:02.968Z,"6km WNW of Cobb, CA",earthquake,0.31,0.94,0.32,2,automatic,nc,nc
2019-09-27T02:25:31.620Z,38.7983322,-122.73983,1.83,1.11,md,12,84,0.01527,0.03,nc,nc73281570,2019-09-27T06:03:04.855Z,"3km NNE of The Geysers, CA",earthquake,0.3,0.84,0.13,4,automatic,nc,nc
2019-09-27T02:18:41.245Z,-25.7017,-177.2617,97.11,5.2,mb,,142,3.579,0.87,us,us70005m5h,2019-09-27T02:37:36.040Z,"South of the Fiji Islands",earthquake,7.6,10.1,0.105,30,reviewed,us,us
2019-09-27T02:14:50.883Z,60.1285,-153.4025,159.4,2,ml,,,,0.58,ak,ak019cekdopo,2019-09-27T02:26:14.466Z,"53km SW of Redoubt Volcano, Alaska",earthquake,,1,,,automatic,ak,ak
2019-09-27T02:13:40.140Z,37.6409988,-118.9501648,5.25,2.57,md,25,64,0.02503,0.03,nc,nc73281565,2019-09-27T05:36:02.608Z,"3km E of Mammoth Lakes, CA",earthquake,0.28,0.44,0.16,24,automatic,nc,nc
2019-09-27T02:11:46.320Z,35.9685,-117.6685,3.19,0.91,ml,11,103,0.02527,0.16,ci,ci39096208,2019-09-27T02:15:18.955Z,"22km E of Little Lake, CA",earthquake,0.48,0.44,0.167,11,automatic,ci,ci
2019-09-27T02:11:04.300Z,37.6411667,-118.9478302,5.37,2.15,md,21,64,0.02564,0.03,nc,nc73281560,2019-09-27T05:21:05.220Z,"3km E of Mammoth Lakes, CA",earthquake,0.4,0.63,0.32,19,automatic,nc,nc
2019-09-27T02:03:29.550Z,35.973,-117.6813333,0.96,1.1,ml,16,59,0.03547,0.2,ci,ci39096200,2019-09-27T02:07:15.614Z,"21km ENE of Little Lake, CA",earthquake,0.34,0.44,0.092,14,automatic,ci,ci
2019-09-27T02:00:39.010Z,37.9141655,-122.2998352,1.27,1.99,md,21,83,0.04387,0.07,nc,nc73281555,2019-09-27T08:21:38.013Z,"1km E of El Cerrito, CA",earthquake,0.2,0.72,0.15,18,automatic,nc,nc
2019-09-27T01:58:44.030Z,35.848,-117.6815,11.42,0.6,ml,9,79,0.07546,0.18,ci,ci39096192,2019-09-27T02:02:20.807Z,"23km ESE of Little Lake, CA",earthquake,0.61,1.33,0.094,4,automatic,ci,ci
2019-09-27T01:58:01.700Z,37.9210014,-122.2935028,1.64,0.94,md,7,188,0.06084,0.02,nc,nc73281550,2019-09-27T02:57:04.105Z,"2km NW of Kensington, CA",earthquake,0.95,3.71,0.21,5,automatic,nc,nc
2019-09-27T01:52:52.090Z,19.1593342,-155.4298401,34.99,1.91,md,35,215,0.08355,0.11,hv,hv71152031,2019-09-27T01:56:05.120Z,"7km SE of Pahala, Hawaii",earthquake,0.86,1.15,0.11,3,automatic,hv,hv
2019-09-27T01:39:16.189Z,64.969,-147.5289,17.4,1,ml,,,,0.33,ak,ak019cejxj42,2019-09-27T01:50:07.516Z,"17km NNE of Fairbanks, Alaska",earthquake,,0.3,,,automatic,ak,ak
2019-09-27T01:19:18.300Z,38.8186684,-122.8451691,2.15,0.37,md,7,133,0.00908,0.01,nc,nc73281545,2019-09-27T01:20:53.877Z,"9km WNW of The Geysers, CA",earthquake,0.53,1.18,0.24,2,automatic,nc,nc
2019-09-27T01:15:50.180Z,38.815834,-122.7818298,1.56,1.35,md,21,46,0.002722,0.03,nc,nc73281540,2019-09-27T04:38:02.918Z,"5km NNW of The Geysers, CA",earthquake,0.2,0.39,0.14,8,automatic,nc,nc
2019-09-27T01:14:30.079Z,63.251,-151.371,4.5,1.5,ml,,,,0.56,ak,ak019cejs7a9,2019-09-27T01:27:23.383Z,"121km NNW of Talkeetna, Alaska",earthquake,,0.3,,,automatic,ak,ak
2019-09-27T01:12:09.300Z,19.3603325,-155.0183258,8.89,2.75,ml,8,285,0.09208,0.27,hv,hv71151981,2019-09-27T01:17:50.070Z,"15km SW of Leilani Estates, Hawaii",earthquake,2.85,0.96,0.39,6,automatic,hv,hv
2019-09-27T00:58:32.276Z,59.9045,-151.3939,75.1,1.4,ml,,,,0.71,ak,ak019cejg751,2019-09-27T01:02:18.162Z,"19km NNW of Fritz Creek, Alaska",earthquake,,1.4,,,automatic,ak,ak
2019-09-27T00:41:06.040Z,30.5305,131.1118,39.19,4.5,mb,,132,2.594,0.48,us,us70005m46,2019-09-27T05:27:08.040Z,"24km SSE of Nishinoomote, Japan",earthquake,8.5,8.7,0.127,18,reviewed,us,us
2019-09-27T00:39:26.000Z,35.8596667,-117.6895,1.79,1.26,ml,21,77,0.0797,0.18,ci,ci39096128,2019-09-27T00:50:04.590Z,"21km ESE of Little Lake, CA",earthquake,0.29,0.53,0.184,18,automatic,ci,ci
2019-09-27T00:36:50.220Z,38.8186684,-122.7973328,3.38,0.87,md,13,102,0.0108,0.01,nc,nc73281525,2019-09-27T00:56:03.518Z,"6km NW of The Geysers, CA",earthquake,0.39,1.3,,1,automatic,nc,nc
2019-09-27T00:29:34.860Z,35.857,-117.6801667,7.2,0.8,ml,13,82,0.07878,0.07,ci,ci39096104,2019-09-27T00:33:18.241Z,"22km ESE of Little Lake, CA",earthquake,0.2,0.54,0.127,10,automatic,ci,ci
2019-09-27T00:28:58.000Z,35.7241667,-117.5215,3.18,0.98,ml,15,121,0.09905,0.13,ci,ci39096096,2019-09-27T00:32:44.285Z,"12km WSW of Searles Valley, CA",earthquake,0.31,1.03,0.198,12,automatic,ci,ci
2019-09-27T00:26:52.640Z,35.8196667,-117.6553333,9.43,0.82,ml,13,74,0.04716,0.13,ci,ci39096088,2019-09-27T00:30:42.711Z,"22km N of Ridgecrest, CA",earthquake,0.32,0.7,0.113,9,automatic,ci,ci
2019-09-27T00:26:37.930Z,33.2456667,-116.2356667,7.59,0.85,ml,28,126,0.05502,0.19,ci,ci39096080,2019-09-27T00:30:26.598Z,"13km E of Borrego Springs, CA",earthquake,0.41,0.95,0.135,15,automatic,ci,ci
2019-09-27T00:24:55.380Z,35.9331667,-117.3411667,1.83,1.15,ml,14,69,0.06309,0.2,ci,ci39096072,2019-09-27T00:28:39.985Z,"19km N of Trona, CA",earthquake,0.4,0.79,0.187,9,automatic,ci,ci
2019-09-27T00:24:25.665Z,62.9859,-150.799,103.9,1.7,ml,,,,0.26,ak,ak019cej8wj5,2019-09-27T00:27:01.817Z,"81km NNW of Talkeetna, Alaska",earthquake,,1.6,,,automatic,ak,ak
2019-09-27T00:15:52.370Z,19.368166,-155.0796661,3.32,1.89,ml,41,157,0.02603,0.3,hv,hv71151921,2019-09-27T00:21:34.150Z,"15km S of Fern Acres, Hawaii",earthquake,0.56,0.83,0.38,4,automatic,hv,hv
2019-09-27T00:10:25.311Z,61.5225,-151.4108,67.4,2.2,ml,,,,0.55,ak,ak019cej5wfm,2019-09-27T00:15:19.472Z,"77km W of Big Lake, Alaska",earthquake,,0.6,,,automatic,ak,ak
2019-09-27T00:05:40.070Z,35.7458333,-117.5535,9.67,0.96,ml,19,116,0.0784,0.26,ci,ci39096064,2019-09-27T00:09:12.088Z,"14km W of Searles Valley, CA",earthquake,0.52,1.05,0.169,11,automatic,ci,ci
2019-09-27T00:03:06.210Z,19.2913342,-155.8443298,5.4,2.03,md,45,140,0.0364,0.26,hv,hv71151906,2019-09-27T00:06:38.540Z,"18km S of Honaunau-Napoopoo, Hawaii",earthquake,0.61,0.55,0.18,14,automatic,hv,hv
2019-09-27T00:00:31.750Z,36.8398323,-121.5631638,4.32,1.83,md,17,120,0.04267,0.08,nc,nc73281515,2019-09-27T03:44:02.398Z,"2km WSW of San Juan Bautista, CA",earthquake,0.34,0.57,0.18,15,automatic,nc,nc
2019-09-26T23:58:04.060Z,35.8003333,-117.5925,9.24,0.84,ml,13,127,0.0159,0.25,ci,ci39096056,2019-09-27T00:01:46.912Z,"17km WNW of Searles Valley, CA",earthquake,0.67,1,0.169,11,automatic,ci,ci
2019-09-26T23:57:43.690Z,32.7498333,-115.4258333,14.27,2.73,ml,20,61,0.09297,0.2,ci,ci39096048,2019-09-27T02:51:30.353Z,"8km SSW of Holtville, CA",earthquake,0.43,0.9,0.236,25,reviewed,ci,ci
2019-09-26T23:56:01.113Z,40.2986,-121.1261,6,1.2,ml,5,126.64,0.339,0.2225,nn,nn00705515,2019-09-27T02:09:25.515Z,"9km E of Chester, California",earthquake,,5.2,0.06,2,reviewed,nn,nn
2019-09-26T23:55:57.980Z,32.7288333,-115.4155,15.36,1.84,ml,13,77,0.07422,0.21,ci,ci39096040,2019-09-26T23:59:59.027Z,"10km NE of Calexico, CA",earthquake,0.6,0.79,0.246,23,automatic,ci,ci
2019-09-26T23:54:54.520Z,32.7458333,-115.4206667,11.71,1.85,ml,17,64,0.08709,0.19,ci,ci39096032,2019-09-26T23:58:54.019Z,"8km SSW of Holtville, CA",earthquake,0.46,0.78,0.232,28,automatic,ci,ci
2019-09-26T23:53:19.370Z,36.0275,-117.8443333,2.52,1.02,ml,14,112,0.04223,0.14,ci,ci39096024,2019-09-26T23:56:54.168Z,"10km ESE of Coso Junction, CA",earthquake,0.24,0.27,0.168,17,automatic,ci,ci
2019-09-26T23:51:51.321Z,37.6464,-105.4845,5.26,2.3,ml,,104,0.099,0.12,us,us70005m3b,2019-09-27T05:22:33.040Z,"36km ENE of Alamosa East, Colorado",earthquake,3,4.7,0.091,16,reviewed,us,us
2019-09-26T23:47:51.010Z,33.4856667,-116.4945,13.21,1.15,ml,41,95,0.06871,0.18,ci,ci39096016,2019-09-26T23:58:43.180Z,"18km ESE of Anza, CA",earthquake,0.28,0.46,0.162,27,automatic,ci,ci
2019-09-26T23:46:01.270Z,58.235,-155.1145,-2.2,-0.22,ml,7,210,0.03827,0.08,av,av70850294,2019-09-27T00:21:48.610Z,"102km NW of Larsen Bay, Alaska",earthquake,0.75,4.02,0.274,8,reviewed,av,av
2019-09-26T23:40:26.359Z,39.5275,-120.3516,8.7,0.2,ml,6,181.07,0.106,0.1287,nn,nn00705514,2019-09-27T02:09:24.199Z,"26km NNW of Truckee, California",earthquake,,6.8,0.2,2,reviewed,nn,nn
2019-09-26T23:38:17.110Z,33.5118333,-116.945,3.6,1.05,ml,34,39,0.1209,0.21,ci,ci39096000,2019-09-26T23:41:59.888Z,"11km NW of Aguanga, CA",earthquake,0.21,0.86,0.177,27,automatic,ci,ci
2019-09-26T23:37:42.140Z,36.0061667,-117.707,1.62,0.76,ml,7,176,0.05091,0.08,ci,ci39095992,2019-09-26T23:41:13.471Z,"20km ENE of Little Lake, CA",earthquake,0.34,0.31,0.2,6,automatic,ci,ci
2019-09-26T23:35:22.392Z,61.102,-146.8141,38.8,1.8,ml,,,,1.15,ak,ak019cd9gvjj,2019-09-27T00:13:38.504Z,"25km W of Valdez, Alaska",ice quake,,6.9,,,automatic,ak,ak
2019-09-26T23:32:06.873Z,60.9221,-125.4386,10,4.2,mb,,50,1.848,0.84,us,us70005m30,2019-09-27T00:40:59.040Z,"132km NW of Fort Liard, Canada",earthquake,6.1,2,0.136,15,reviewed,us,us
2019-09-26T23:28:59.170Z,35.9488333,-117.703,2.61,2.46,ml,36,42,0.04271,0.16,ci,ci39095976,2019-09-26T23:39:34.880Z,"18km E of Little Lake, CA",earthquake,0.17,0.28,0.129,25,automatic,ci,ci
2019-09-26T23:23:52.873Z,61.3865,-150.0646,36.5,1.6,ml,,,,0.52,ak,ak019cd9edav,2019-09-26T23:28:48.263Z,"16km SSW of Big Lake, Alaska",earthquake,,1.3,,,automatic,ak,ak
2019-09-26T23:22:12.410Z,41.825,-112.408,0.69,0.98,md,12,138,0.1214,0.14,uu,uu60343437,2019-09-26T23:51:19.440Z,"22km WNW of Garland, Utah",earthquake,0.5,9.01,0.125,7,reviewed,uu,uu
2019-09-26T23:18:19.395Z,38.3747,-115.8305,4.2,1.8,ml,10,206.76,0.194,0.1535,nn,nn00705492,2019-09-27T02:09:05.075Z,"51km ENE of Warm Springs, Nevada",earthquake,,4.5,0.34,5,reviewed,nn,nn
2019-09-26T23:14:16.727Z,38.3467,-118.9242,11.9,1.1,ml,6,185.49,0.343,0.1201,nn,nn00705513,2019-09-27T02:09:22.664Z,"28km ENE of Bridgeport, California",earthquake,,11.5,0.1,3,reviewed,nn,nn
2019-09-26T23:10:50.190Z,36.5929985,-121.1931686,7.04,2.18,md,26,99,0.02216,0.09,nc,nc73281495,2019-09-27T03:03:04.147Z,"8km NNW of Pinnacles, CA",earthquake,0.31,0.59,0.19,24,automatic,nc,nc
2019-09-26T22:50:04.100Z,35.7186667,-117.5491667,3.17,1.22,ml,19,109,0.09777,0.17,ci,ci39095936,2019-09-26T22:53:53.478Z,"14km WSW of Searles Valley, CA",earthquake,0.31,0.98,0.167,16,automatic,ci,ci
2019-09-26T22:46:40.312Z,60.3153,-141.7055,11,0.9,ml,,,,0.17,ak,ak019cd8xu73,2019-09-26T22:48:40.571Z,"48km NE of Cape Yakataga, Alaska",earthquake,,0.5,,,automatic,ak,ak
2019-09-26T22:46:21.460Z,38.831501,-122.8470001,1.82,0.37,md,7,101,0.008664,0.02,nc,nc73281490,2019-09-26T22:58:02.888Z,"10km NW of The Geysers, CA",earthquake,0.52,1.42,0.36,3,automatic,nc,nc
2019-09-26T22:40:02.076Z,36.8637,-116.2057,5.3,0,ml,11,68.72,0.054,0.1228,nn,nn00705490,2019-09-27T02:09:02.999Z,"49km E of Beatty, Nevada",earthquake,,2.6,0.42,5,reviewed,nn,nn
2019-09-26T22:39:12.020Z,19.1918335,-155.4535065,36.79,2.16,md,37,126,0.03713,0.12,hv,hv71151806,2019-09-26T22:42:20.140Z,"3km ESE of Pahala, Hawaii",earthquake,0.82,0.75,0.18,4,automatic,hv,hv
2019-09-26T22:33:59.579Z,38.4334,-118.2938,4.3,0.4,ml,5,132.73,0.034,0.1438,nn,nn00705509,2019-09-27T02:09:15.860Z,"30km ESE of Hawthorne, Nevada",earthquake,,3.8,0,1,reviewed,nn,nn
2019-09-26T22:33:35.220Z,19.103,-67.2646,21,3.02,md,16,214,0.6538,0.53,pr,pr2019269015,2019-09-27T01:32:26.038Z,"80km N of San Antonio, Puerto Rico",earthquake,2.38,39.08,0.42,13,reviewed,pr,pr
2019-09-26T22:29:01.867Z,69.5352,-146.2192,11.5,2,ml,,,,1.66,ak,ak019cd8u4a9,2019-09-26T22:32:57.702Z,"114km SE of Prudhoe Bay, Alaska",earthquake,,0.3,,,automatic,ak,ak
2019-09-26T22:25:16.760Z,38.8078346,-122.7913361,3.04,1.34,md,26,42,0.003102,0.04,nc,nc73281475,2019-09-27T01:26:03.966Z,"4km NW of The Geysers, CA",earthquake,0.23,0.4,0.2,7,automatic,nc,nc
2019-09-26T22:25:10.580Z,38.3422,-118.931,10.9,1.4,ml,6,187.27,0.347,0.084,nn,nn00705508,2019-09-27T02:09:14.453Z,"27km ENE of Bridgeport, California",earthquake,,12.3,0.17,3,reviewed,nn,nn
2019-09-26T22:18:11.013Z,-24.0717,-67.0091,240.81,4.1,mb,,118,1.547,0.75,us,us70005m20,2019-09-27T05:41:01.040Z,"72km WNW of San Antonio de los Cobres, Argentina",earthquake,11.3,15.6,0.302,3,reviewed,us,us
2019-09-26T22:08:05.090Z,35.6828333,-117.583,7.09,0.97,ml,19,100,0.06171,0.19,ci,ci39095888,2019-09-26T22:11:53.430Z,"11km NE of Ridgecrest, CA",earthquake,0.4,0.94,0.161,12,automatic,ci,ci
2019-09-26T22:05:01.090Z,19.0783,-67.1736,13,3.06,md,12,290,0.614,0.31,pr,pr2019269048,2019-09-27T12:38:49.782Z,"65km NNW of Isabela, Puerto Rico",earthquake,2.36,3.63,0.38,11,reviewed,pr,pr
2019-09-26T22:01:22.304Z,36.6676,-116.0006,3.4,-0.1,ml,8,178.73,0.031,0.0956,nn,nn00705506,2019-09-27T02:09:13.035Z,"50km N of Pahrump, Nevada",earthquake,,3.1,0.01,2,reviewed,nn,nn
2019-09-26T22:01:03.550Z,37.6413345,-118.946167,4.49,0.7,md,8,131,0.02518,0.01,nc,nc73281455,2019-09-26T22:42:03.491Z,"3km E of Mammoth Lakes, CA",earthquake,0.87,2.42,0.14,8,automatic,nc,nc
2019-09-26T21:46:18.780Z,35.826,-117.6581667,4.55,1.16,ml,24,71,0.05035,0.18,ci,ci39095856,2019-09-26T21:50:03.881Z,"23km N of Ridgecrest, CA",earthquake,0.25,0.49,0.151,15,automatic,ci,ci
2019-09-26T21:41:21.300Z,19.0038,-67.2535,17,3.02,md,6,304,0.5549,0.29,pr,pr2019269046,2019-09-27T12:08:04.461Z,"58km NNW of San Antonio, Puerto Rico",earthquake,8.17,17.27,0.16,5,reviewed,pr,pr
2019-09-26T21:36:28.460Z,38.8370018,-122.828331,0.82,0.97,md,16,71,0.01482,0.03,nc,nc73281445,2019-09-27T00:05:03.301Z,"9km NW of The Geysers, CA",earthquake,0.19,0.45,0.19,5,automatic,nc,nc
2019-09-26T21:35:30.670Z,37.6421661,-118.9471664,4.95,1.26,md,17,63,0.02455,0.04,nc,nc73281440,2019-09-26T23:37:03.151Z,"3km ENE of Mammoth Lakes, CA",earthquake,0.41,0.79,0.14,16,automatic,nc,nc
2019-09-26T21:35:18.740Z,35.6708333,-117.4893333,4.16,1.38,ml,23,58,0.05376,0.17,ci,ci39095848,2019-09-26T21:39:02.808Z,"13km SW of Searles Valley, CA",earthquake,0.3,0.68,0.184,16,automatic,ci,ci
2019-09-26T21:15:38.650Z,60.02,-153.0838333,1.15,-0.41,ml,4,156,0.03879,0.12,av,av70850269,2019-09-26T22:26:28.090Z,"55km SSW of Redoubt Volcano, Alaska",earthquake,0.59,0.72,0.271,4,reviewed,av,av
2019-09-26T21:09:02.680Z,18.2255,-68.0258,18,2.83,md,22,189,0.5693,0.53,pr,pr2019269013,2019-09-26T22:13:43.040Z,"83km SE of Boca de Yuma, Dominican Republic",earthquake,3,4.6,0.14,21,reviewed,pr,pr
2019-09-26T21:00:49.700Z,19.2191,-67.3378,33,3.05,md,13,297,0.785,0.43,pr,pr2019269012,2019-09-26T22:07:52.040Z,"91km NNW of San Antonio, Puerto Rico",earthquake,2.18,13.87,0.29,11,reviewed,pr,pr
2019-09-26T20:47:08.560Z,45.581,-121.581166666667,-1.29,1.1,ml,7,163,,0.09,uw,uw61552272,2019-09-26T22:38:08.760Z,"5km SSW of Odell, Oregon",explosion,0.76,31.61,0.262492041794484,4,reviewed,uw,uw
2019-09-26T20:31:30.198Z,-29.8605,-71.4515,36.9,5.4,mww,,87,0.193,0.77,us,us70005lzd,2019-09-27T12:29:20.433Z,"14km NW of Coquimbo, Chile",earthquake,5.3,5.3,0.073,18,reviewed,us,us
2019-09-26T20:30:44.930Z,35.895,-117.7023333,4.21,0.77,ml,10,77,0.06756,0.1,ci,ci39095752,2019-09-26T20:49:43.472Z,"19km ESE of Little Lake, CA",earthquake,0.23,0.56,0.105,8,reviewed,ci,ci
2019-09-26T20:27:27.870Z,33.5953333,-116.8078333,5.41,0.63,ml,28,66,0.03654,0.16,ci,ci39095744,2019-09-26T20:50:43.130Z,"13km WNW of Anza, CA",earthquake,0.34,0.54,0.165,19,reviewed,ci,ci
2019-09-26T20:26:02.230Z,35.8321667,-117.6661667,4.46,0.77,ml,15,74,0.05815,0.17,ci,ci39095736,2019-09-26T20:29:44.361Z,"24km N of Ridgecrest, CA",earthquake,0.38,0.79,0.192,9,automatic,ci,ci
2019-09-26T20:24:36.259Z,63.0982,-150.1145,85.1,1.4,ml,,,,0.78,ak,ak019cd7m8x5,2019-09-26T20:27:25.359Z,"66km WSW of Cantwell, Alaska",earthquake,,0.8,,,automatic,ak,ak
2019-09-26T20:22:50.800Z,35.9016667,-117.6676667,7.15,0.42,ml,7,89,0.04822,0.11,ci,ci39095728,2019-09-26T20:27:02.029Z,"22km E of Little Lake, CA",earthquake,0.8,1.94,0.184,5,automatic,ci,ci
2019-09-26T20:22:26.130Z,18.924,-67.1591,61,3.02,md,5,311,0.7053,0.45,pr,pr2019269045,2019-09-27T11:52:27.101Z,"48km NNW of Isabela, Puerto Rico",earthquake,6.23,11.15,0.02,5,reviewed,pr,pr
2019-09-26T20:20:18.849Z,40.8389,28.1931,10,4.3,mb,,62,1.629,0.5,us,us70005lyy,2019-09-27T12:32:59.637Z,"24km SE of Marmaraereglisi, Turkey",earthquake,5.6,2,0.308,3,reviewed,us,us
2019-09-26T20:19:37.580Z,33.6021667,-116.8013333,5.53,0.59,ml,12,126,0.03221,0.1,ci,ci39095720,2019-09-26T20:50:01.223Z,"13km WNW of Anza, CA",earthquake,0.39,0.47,0.227,11,reviewed,ci,ci
2019-09-26T20:08:28.510Z,33.1635,-115.6295,2.56,1.25,ml,16,102,0.01814,0.21,ci,ci39095704,2019-09-26T20:12:10.768Z,"12km WNW of Calipatria, CA",earthquake,0.47,0.46,0.135,16,automatic,ci,ci
2019-09-26T20:03:30.910Z,35.8808333,-117.7191667,14.1,0.82,ml,14,103,0.08112,0.31,ci,ci39095696,2019-09-26T20:07:10.216Z,"18km ESE of Little Lake, CA",earthquake,0.99,1.78,0.298,11,automatic,ci,ci
2019-09-26T19:57:47.690Z,35.8956667,-117.7325,5.81,0.84,ml,16,57,0.08462,0.2,ci,ci39095680,2019-09-26T20:50:18.454Z,"16km ESE of Little Lake, CA",earthquake,0.34,1.11,0.179,10,reviewed,ci,ci
2019-09-26T19:56:07.440Z,19.099,-67.0396,36,2.65,md,13,286,0.6355,0.65,pr,pr2019269044,2019-09-27T11:23:27.788Z,"66km N of Isabela, Puerto Rico",earthquake,2.87,12.89,0.41,11,reviewed,pr,pr
2019-09-26T19:54:33.990Z,34.3413333,-116.8463333,-1.41,1.32,ml,42,54,0.01698,0.21,ci,ci39095664,2019-09-26T20:32:38.454Z,"9km N of Big Bear City, CA",quarry blast,0.25,31.61,0.095,32,reviewed,ci,ci
2019-09-26T19:52:20.120Z,51.9668333,-177.071,4.86,0.58,ml,4,314,0.05152,0.04,av,av70850284,2019-09-26T22:41:05.690Z,"30km WNW of Adak, Alaska",earthquake,0.98,1.26,0.248,4,reviewed,av,av
2019-09-26T19:43:15.040Z,35.5916667,-117.6115,3.71,0.37,ml,8,197,0.04596,0.14,ci,ci39095656,2019-09-26T20:21:29.664Z,"7km ESE of Ridgecrest, CA",earthquake,0.47,0.8,0.177,2,reviewed,ci,ci
2019-09-26T19:37:32.660Z,35.8776667,-117.7008333,4.98,0.89,ml,19,72,0.08117,0.18,ci,ci39095592,2019-09-26T19:41:19.063Z,"20km ESE of Little Lake, CA",earthquake,0.31,0.64,0.19,13,automatic,ci,ci
2019-09-26T19:36:41.650Z,35.607,-117.3905,5.95,1.42,ml,28,84,0.06191,0.21,ci,ci39095584,2019-09-26T19:40:24.057Z,"18km S of Trona, CA",earthquake,0.34,0.65,0.119,19,automatic,ci,ci
2019-09-26T19:35:27.610Z,35.7451667,-117.5323333,6.41,1.03,ml,23,73,0.08814,0.18,ci,ci39095576,2019-09-26T19:39:08.483Z,"12km WSW of Searles Valley, CA",earthquake,0.33,0.92,0.144,13,automatic,ci,ci
2019-09-26T19:33:06.411Z,51.3663,-178.2339,24.3,2.2,ml,,,,0.61,ak,ak019cd72ogu,2019-09-26T21:12:13.194Z,"57km S of Tanaga Volcano, Alaska",earthquake,,0.3,,,reviewed,ak,ak
2019-09-26T19:31:54.226Z,68.5127,-147.3686,0,1.7,ml,,,,0.78,ak,ak019cd72cpz,2019-09-26T19:44:07.810Z,"86km WNW of Arctic Village, Alaska",earthquake,,0.3,,,automatic,ak,ak
2019-09-26T19:29:49.750Z,35.9566667,-117.67,3.46,1.01,ml,17,55,0.01816,0.16,ci,ci39095568,2019-09-26T20:50:48.984Z,"21km E of Little Lake, CA",earthquake,0.28,0.62,0.152,13,reviewed,ci,ci
2019-09-26T19:26:29.330Z,38.840168,-122.8365021,0.93,1.23,md,19,86,0.001765,0.03,nc,nc73281410,2019-09-26T22:15:04.298Z,"10km NW of The Geysers, CA",earthquake,0.2,0.44,0.07,5,automatic,nc,nc
2019-09-26T19:24:36.260Z,35.8016667,-117.6076667,11.02,0.56,ml,8,98,0.01629,0.16,ci,ci39095560,2019-09-26T20:51:05.351Z,"19km WNW of Searles Valley, CA",earthquake,0.51,0.77,0.079,7,reviewed,ci,ci
2019-09-26T19:15:33.016Z,10.7786,91.6454,10,4.7,mb,,112,1.386,0.96,us,us70005lxa,2019-09-26T19:46:50.040Z,"155km SW of Port Blair, India",earthquake,9.2,1.9,0.088,39,reviewed,us,us
2019-09-26T19:09:50.710Z,38.8404999,-122.8348312,1.27,0.36,md,7,112,0.001976,0.01,nc,nc73281405,2019-09-26T20:06:05.603Z,"10km NW of The Geysers, CA",earthquake,0.82,0.75,,1,automatic,nc,nc
2019-09-26T19:09:16.960Z,35.8868333,-117.7023333,4.46,0.63,ml,22,70,0.07411,0.18,ci,ci39095552,2019-09-26T20:10:40.244Z,"19km ESE of Little Lake, CA",earthquake,0.24,0.54,0.079,6,reviewed,ci,ci
2019-09-26T19:09:09.940Z,36.092,-117.9001667,6.44,0.67,ml,6,241,0.0447,0.05,ci,ci37427949,2019-09-26T20:14:16.271Z,"7km NE of Coso Junction, CA",earthquake,0.41,0.4,0.095,3,reviewed,ci,ci
2019-09-26T19:07:43.623Z,-9.7326,159.7533,30.04,5.1,mb,,72,0.349,0.57,us,us70005lx6,2019-09-27T01:58:28.162Z,"39km SSW of Honiara, Solomon Islands",earthquake,10.1,4,0.061,87,reviewed,us,us
2019-09-26T19:01:12.572Z,36.8286,-115.3394,0,1.2,ml,19,124.8,0.356,0.1827,nn,nn00705466,2019-09-27T02:08:37.017Z,"61km SSW of Alamo, Nevada",earthquake,,0,0.2,12,reviewed,nn,nn
2019-09-26T19:00:41.666Z,-13.4442,-111.2743,10,4.9,mb,,167,33.266,0.68,us,us70005lx1,2019-09-27T03:22:08.040Z,"Central East Pacific Rise",earthquake,14.6,1.9,0.036,242,reviewed,us,us
2019-09-26T18:43:05.480Z,35.7353333,-117.5375,1.76,0.89,ml,15,119,0.09391,0.21,ci,ci39095536,2019-09-26T20:51:07.475Z,"13km WSW of Searles Valley, CA",earthquake,0.44,0.67,0.146,11,reviewed,ci,ci
2019-09-26T18:38:50.280Z,33.327,-116.408,5.92,1.15,ml,38,53,0.05914,0.2,ci,ci39095520,2019-09-26T18:42:39.941Z,"8km NNW of Borrego Springs, CA",earthquake,0.31,0.78,0.217,27,automatic,ci,ci
2019-09-26T18:37:28.289Z,41.8461,-119.4679,0,2.9,ml,7,142.12,0.763,0.1505,nn,nn00705503,2019-09-27T02:09:11.010Z,"70km W of Denio Junction, Nevada",earthquake,,0,0.27,4,reviewed,nn,nn
2019-09-26T18:36:15.760Z,37.3906,-117.2517,7,1.4,ml,27,58.89,0.091,0.1761,nn,nn00705463,2019-09-27T02:08:34.721Z,"35km S of Goldfield, Nevada",earthquake,,1.7,0.39,15,reviewed,nn,nn
2019-09-26T18:36:04.660Z,19.3435,-67.2738,26,3.09,md,6,326,0.891,0.26,pr,pr2019269041,2019-09-27T11:22:52.348Z,"96km NNW of Isabela, Puerto Rico",earthquake,2.74,18.68,0.05,5,reviewed,pr,pr
2019-09-26T18:33:19.170Z,35.6691667,-117.5418333,4.57,1.21,ml,21,86,0.05201,0.17,ci,ci39095512,2019-09-26T18:36:55.501Z,"13km ENE of Ridgecrest, CA",earthquake,0.3,0.62,0.162,15,automatic,ci,ci
2019-09-26T18:32:44.350Z,38.7773323,-122.7426682,0.33,0.72,md,9,137,0.007506,0.02,nc,nc73281395,2019-09-26T19:24:02.867Z,"1km E of The Geysers, CA",earthquake,0.38,0.49,0.03,3,automatic,nc,nc
2019-09-26T18:29:15.755Z,61.2668,-146.9235,24.6,1.7,ml,,,,0.86,ak,ak019cd6geq9,2019-09-26T18:41:15.768Z,"34km WNW of Valdez, Alaska",earthquake,,0.3,,,automatic,ak,ak
2019-09-26T18:26:52.270Z,40.296833,-124.5571671,19.23,2.2,md,9,304,0.1643,0.06,nc,nc73281390,2019-09-26T21:18:02.878Z,"23km W of Petrolia, CA",earthquake,3.87,0.71,0.17,4,automatic,nc,nc
2019-09-26T18:26:06.240Z,38.8311667,-111.405,1.93,1.56,md,5,137,0.05313,0.09,uu,uu60343377,2019-09-26T21:26:32.950Z,"37km SW of Ferron, Utah",earthquake,0.71,31.61,0.254,5,reviewed,uu,uu
2019-09-26T18:21:44.580Z,35.6771667,-117.4081667,6.01,1.67,ml,28,102,0.01744,0.18,ci,ci39095504,2019-09-26T18:32:42.410Z,"10km SSW of Trona, CA",earthquake,0.31,0.87,0.147,26,automatic,ci,ci
2019-09-26T18:16:05.460Z,35.5755,-117.4793333,4.75,0.02,ml,9,82,0.01776,0.13,ci,ci39095488,2019-09-26T18:51:43.010Z,"18km ESE of Ridgecrest, CA",earthquake,0.28,0.48,0.188,2,reviewed,ci,ci
2019-09-26T18:13:21.150Z,19.0336,-67.2601,8,2.7,md,11,290,0.5854,0.65,pr,pr2019269039,2019-09-27T10:37:35.242Z,"62km NNW of San Antonio, Puerto Rico",earthquake,2.39,3.05,0.46,10,reviewed,pr,pr
2019-09-26T18:12:53.010Z,38.7836685,-122.774498,2.4,1.13,md,25,87,0.01415,0.03,nc,nc73281380,2019-09-26T20:38:02.654Z,"2km WNW of The Geysers, CA",earthquake,0.23,0.44,0.15,6,automatic,nc,nc
2019-09-26T18:10:18.209Z,38.7009,-118.5712,6.9,1.1,ml,6,135.73,0.082,0.1255,nn,nn00705502,2019-09-27T02:09:08.763Z,"20km NNE of Hawthorne, Nevada",earthquake,,2.9,0.57,3,reviewed,nn,nn
2019-09-26T18:06:11.883Z,64.8193,-149.016,21.4,1.3,ml,,,,0.69,ak,ak019cd6bh0c,2019-09-26T18:09:09.404Z,"27km N of North Nenana, Alaska",earthquake,,0.4,,,automatic,ak,ak
2019-09-26T18:05:33.793Z,38.6879,-118.5408,6.9,0.5,ml,3,332.04,0.062,0.0218,nn,nn00705501,2019-09-27T02:09:06.918Z,"19km NNE of Hawthorne, Nevada",earthquake,,3.3,0.42,2,reviewed,nn,nn
2019-09-26T18:04:35.790Z,35.6868333,-117.5253333,8.91,1.17,ml,23,61,0.07383,0.18,ci,ci39095472,2019-09-26T20:52:51.810Z,"14km SW of Searles Valley, CA",earthquake,0.29,0.74,0.126,17,reviewed,ci,ci
2019-09-26T18:01:47.800Z,38.8288345,-122.7806702,5.56,0.79,md,10,90,0.00856,0.07,nc,nc73281375,2019-09-26T18:22:02.821Z,"5km W of Cobb, CA",earthquake,0.77,2.13,0.12,2,automatic,nc,nc
2019-09-26T18:00:17.190Z,19.1796665,-155.4248352,36.58,1.87,md,37,169,0.04271,0.14,hv,hv71151496,2019-09-26T18:03:28.570Z,"6km ESE of Pahala, Hawaii",earthquake,0.68,0.95,0.17,5,automatic,hv,hv
2019-09-26T17:55:27.020Z,19.3673325,-155.0919952,4.56,2.1,ml,45,143,0.01893,0.25,hv,hv71151491,2019-09-26T18:01:08.460Z,"16km ESE of Volcano, Hawaii",earthquake,0.53,0.44,0.5,6,automatic,hv,hv
2019-09-26T17:51:28.090Z,19.065,-67.2431,20,2.7,md,16,206,0.6119,1.01,pr,pr2019269011,2019-09-26T18:17:19.690Z,"65km NNW of San Antonio, Puerto Rico",earthquake,3.5,31.61,0.21,14,reviewed,pr,pr
2019-09-26T17:45:28.410Z,36.5896683,-121.1884995,6.92,1.92,md,15,149,0.0181,0.06,nc,nc73281370,2019-09-26T20:10:03.259Z,"8km NNW of Pinnacles, CA",earthquake,0.37,0.69,0.13,15,automatic,nc,nc
2019-09-26T17:43:55.450Z,36.0833333,-117.8546667,6.13,1.34,ml,17,106,0.03418,0.16,ci,ci39095448,2019-09-26T20:51:35.606Z,"9km ENE of Coso Junction, CA",earthquake,0.33,0.56,0.309,22,reviewed,ci,ci
2019-09-26T17:30:57.130Z,58.1735,-155.3626667,0.89,-0.96,ml,5,125,0.04093,0.09,av,av70850279,2019-09-26T22:33:31.810Z,"95km SE of King Salmon, Alaska",earthquake,0.35,1.63,0.17,5,reviewed,av,av
2019-09-26T17:30:36.310Z,35.7785,-117.595,5.53,0.79,ml,19,127,0.03722,0.19,ci,ci39095424,2019-09-26T17:34:10.107Z,"17km W of Searles Valley, CA",earthquake,0.37,0.94,0.085,10,automatic,ci,ci
2019-09-26T17:29:11.450Z,34.0205,-117.519,2.75,1.09,ml,23,98,0.03879,0.18,ci,ci39095416,2019-09-26T17:33:05.102Z,"3km N of Mira Loma, CA",earthquake,0.29,0.32,0.212,34,automatic,ci,ci
2019-09-26T17:22:09.880Z,38.7876663,-122.7639999,0.65,0.73,md,12,73,0.01698,0.04,nc,nc73281365,2019-09-26T17:37:03.296Z,"1km NNW of The Geysers, CA",earthquake,0.25,0.61,0.18,4,automatic,nc,nc
2019-09-26T17:17:34.970Z,36.0711667,-117.8506667,-0.14,0.86,ml,13,124,0.04644,0.25,ci,ci39095376,2019-09-26T17:21:12.872Z,"9km ENE of Coso Junction, CA",earthquake,0.51,0.99,0.193,9,automatic,ci,ci
2019-09-26T17:17:12.102Z,37.8593,88.6507,10.27,4.8,mb,,82,9.11,0.82,us,us70005lty,2019-09-26T19:54:39.040Z,"275km E of Qiemo, China",earthquake,6.4,4.2,0.073,59,reviewed,us,us
2019-09-26T17:14:56.270Z,19.1455002,-155.4965057,40.45,2.58,md,35,152,0.03397,0.22,hv,hv71151441,2019-09-26T17:18:13.770Z,"6km SSW of Pahala, Hawaii",earthquake,0.77,1.15,0.19,3,automatic,hv,hv
2019-09-26T17:13:55.180Z,36.5895004,-121.190834,6.33,2.65,md,47,65,0.01829,0.08,nc,nc73281360,2019-09-26T20:17:48.058Z,"8km NNW of Pinnacles, CA",earthquake,0.17,0.77,0.17,40,automatic,nc,nc
2019-09-26T17:12:03.860Z,38.8143349,-122.8208313,3.23,0.61,md,10,79,0.008504,0.01,nc,nc73281355,2019-09-26T19:28:02.891Z,"7km NW of The Geysers, CA",earthquake,0.56,0.99,0.36,2,automatic,nc,nc
2019-09-26T17:11:53.830Z,19.1483326,-155.5484924,48.76,1.84,md,42,129,0.08196,0.11,hv,hv71151436,2019-09-26T17:15:13.770Z,"9km SW of Pahala, Hawaii",earthquake,0.81,1.21,0.04,3,automatic,hv,hv
2019-09-26T17:03:11.580Z,36.29233333,-97.51633333,5,1.56,ml,51,68,0.1916623893,0.21,ok,ok2019swyo,2019-09-26T18:01:35.517Z,"20km W of Perry, Oklahoma",earthquake,,0.5,0.21,10,reviewed,ok,ok
2019-09-26T16:57:40.607Z,61.7498,-148.9532,16.2,0.4,ml,,,,0.75,ak,ak019cd5fkqs,2019-09-26T17:52:56.062Z,"7km SW of Sutton-Alpine, Alaska",earthquake,,0.3,,,reviewed,ak,ak
2019-09-26T16:54:51.344Z,60.3329,-152.9587,127.5,2.5,ml,,,,0.74,ak,ak019cd5ez4i,2019-09-26T17:00:52.094Z,"20km SW of Redoubt Volcano, Alaska",earthquake,,0.4,,,automatic,ak,ak
2019-09-26T16:45:35.520Z,35.8746667,-117.711,6.12,0.88,ml,14,67,0.07917,0.14,ci,ci39095336,2019-09-26T16:49:17.179Z,"19km ESE of Little Lake, CA",earthquake,0.26,0.83,0.157,11,automatic,ci,ci
2019-09-26T16:42:40.700Z,36.0903333,-117.8616667,5.05,1.41,ml,22,55,0.02774,0.15,ci,ci39095320,2019-09-26T16:46:18.747Z,"9km ENE of Coso Junction, CA",earthquake,0.28,0.6,0.275,21,automatic,ci,ci
2019-09-26T16:40:43.177Z,62.2268,-150.0646,20,1.6,ml,,,,0.42,ak,ak019cd5byhq,2019-09-26T16:45:17.268Z,"11km SSE of Talkeetna, Alaska",earthquake,,0.3,,,automatic,ak,ak
2019-09-26T16:36:24.530Z,35.8615,-117.6933333,6.23,0.64,ml,13,75,0.07855,0.16,ci,ci39095288,2019-09-26T16:40:10.057Z,"21km ESE of Little Lake, CA",earthquake,0.34,0.8,0.122,7,automatic,ci,ci
2019-09-26T16:36:18.072Z,-40.8109,-72.1177,128.26,6.1,mww,,54,0.392,0.78,us,us70005lt4,2019-09-27T03:14:26.040Z,"40km W of Villa La Angostura, Argentina",earthquake,5.7,4,0.058,29,reviewed,us,us
2019-09-26T16:22:24.660Z,35.8586667,-117.6941667,2.72,0.86,ml,13,74,0.07617,0.18,ci,ci39095256,2019-09-26T16:26:04.735Z,"21km ESE of Little Lake, CA",earthquake,0.33,0.43,0.108,11,automatic,ci,ci
2019-09-26T16:16:51.580Z,35.7533333,-117.6035,10.61,1.38,ml,27,104,0.06246,0.16,ci,ci39095248,2019-09-26T16:20:23.578Z,"16km NNE of Ridgecrest, CA",earthquake,0.24,0.51,0.128,19,automatic,ci,ci
2019-09-26T16:12:00.300Z,35.9388333,-117.3198333,3.13,3.27,ml,47,54,0.05623,0.17,ci,ci39095240,2019-09-27T00:45:06.065Z,"20km NNE of Trona, CA",earthquake,0.16,0.49,0.156,254,reviewed,ci,ci
2019-09-26T16:02:06.160Z,35.9113333,-117.7063333,2.29,1.2,ml,16,59,0.05826,0.14,ci,ci39095232,2019-09-26T16:05:39.545Z,"18km E of Little Lake, CA",earthquake,0.22,0.32,0.18,17,automatic,ci,ci
2019-09-26T15:57:55.472Z,68.8054,-146.2427,0,1.8,ml,,,,0.8,ak,ak019cd4u70f,2019-09-26T16:03:49.377Z,"81km NNW of Arctic Village, Alaska",earthquake,,0.3,,,automatic,ak,ak
2019-09-26T15:47:49.780Z,58.165,-155.3836667,1.7,-0.32,ml,8,107,0.05388,0.07,av,av70850244,2019-09-26T21:52:12.980Z,"94km SE of King Salmon, Alaska",earthquake,0.27,0.48,0.232,8,reviewed,av,av
2019-09-26T15:46:29.180Z,38.7550011,-122.7231674,2.94,0.98,md,10,117,0.01686,0.04,nc,nc73281315,2019-09-26T16:12:02.753Z,"4km SW of Anderson Springs, CA",earthquake,0.41,0.91,0.05,4,automatic,nc,nc
2019-09-26T15:45:42.899Z,35.1305,-95.34266667,7,2.76,ml,51,131,0.8584315464,0.21,ok,ok2019swwa,2019-09-27T03:54:28.478Z,"3km ENE of Quinton, Oklahoma",earthquake,,1.3,0.17,8,reviewed,ok,ok
2019-09-26T15:41:17.804Z,63.1454,-150.7037,111.3,1.4,ml,,,,0.46,ak,ak019cd4qon8,2019-09-26T16:03:49.039Z,"92km WSW of Cantwell, Alaska",earthquake,,2.2,,,automatic,ak,ak
2019-09-26T15:36:37.110Z,33.4616667,-116.5658333,10.91,1.09,ml,46,67,0.04483,0.16,ci,ci39095200,2019-09-26T20:48:39.370Z,"14km SE of Anza, CA",earthquake,0.17,0.34,0.159,24,reviewed,ci,ci
2019-09-26T15:24:38.150Z,35.6631667,-117.4706667,9.4,1.43,ml,25,53,0.03831,0.17,ci,ci39095176,2019-09-26T15:35:40.760Z,"13km SSW of Searles Valley, CA",earthquake,0.31,0.56,0.147,20,automatic,ci,ci
2019-09-26T15:22:30.000Z,32.692,-115.7436667,5.16,0.95,ml,11,187,0.06762,0.27,ci,ci39095168,2019-09-26T15:26:13.235Z,"20km NW of Progreso, B.C., MX",earthquake,1.16,1.53,0.364,8,automatic,ci,ci
2019-09-26T15:21:40.674Z,60.7872,-144.7665,2.4,1.8,ml,,,,0.87,ak,ak019cd4mg2t,2019-09-26T15:26:02.110Z,"60km ENE of Cordova, Alaska",earthquake,,0.3,,,automatic,ak,ak
2019-09-26T15:15:02.450Z,36.1211667,-117.8435,2.48,1.33,ml,14,174,0.00987,0.12,ci,ci39095144,2019-09-26T15:22:44.966Z,"13km NE of Coso Junction, CA",earthquake,0.45,0.22,0.24,19,reviewed,ci,ci
2019-09-26T15:14:56.430Z,38.821167,-122.8113327,2.61,2.18,md,39,40,0.002432,0.04,nc,nc73281305,2019-09-26T17:54:03.425Z,"7km NW of The Geysers, CA",earthquake,0.17,0.29,0.19,17,automatic,nc,nc
2019-09-26T15:12:01.800Z,36.5695,-121.078331,8.99,1.23,md,6,149,0.03247,0.09,nc,nc73281300,2019-09-26T17:39:04.334Z,"7km NE of Pinnacles, CA",earthquake,1.03,2.03,0.06,6,automatic,nc,nc
2019-09-26T15:08:58.088Z,61.7325,-154.1004,5.8,2.2,ml,,,,1.08,ak,ak019cd4jp35,2019-09-26T15:14:09.206Z,"156km SSE of McGrath, Alaska",earthquake,,0.3,,,automatic,ak,ak
2019-09-26T15:07:04.600Z,38.6020012,-122.8808365,4.22,0.69,md,7,189,0.1944,0.16,nc,nc73281295,2019-09-26T15:21:04.893Z,"1km SW of Healdsburg, CA",earthquake,2.3,12.86,,1,automatic,nc,nc
2019-09-26T15:04:38.030Z,44.7883333,-111.0093333,11.76,0.79,ml,12,152,0.02909,0.14,uu,uu60343312,2019-09-26T15:51:08.230Z,"15km NNE of West Yellowstone, Montana",earthquake,0.86,0.96,0.104,2,reviewed,uu,uu
2019-09-26T15:02:35.910Z,35.715,-117.5161667,4.72,1.84,ml,30,68,0.09025,0.2,ci,ci39095136,2019-09-26T15:13:32.410Z,"12km WSW of Searles Valley, CA",earthquake,0.27,0.66,0.095,26,automatic,ci,ci
2019-09-26T14:54:11.794Z,36.4539,-117.0009,13.1,0.4,ml,12,175.59,0.112,0.1976,nn,nn00705489,2019-09-27T02:09:01.368Z,"54km SSW of Beatty, Nevada",earthquake,,2.2,0.19,6,reviewed,nn,nn
2019-09-26T14:49:23.470Z,38.8376656,-122.8270035,1.2,0.8,md,12,149,0.006689,0.02,nc,nc73281285,2019-09-26T15:07:04.236Z,"9km NW of The Geysers, CA",earthquake,0.27,0.65,0.09,3,automatic,nc,nc
2019-09-26T14:48:01.840Z,35.8891667,-117.7186667,8.91,0.85,ml,13,63,0.08067,0.07,ci,ci39095120,2019-09-26T14:51:29.024Z,"18km ESE of Little Lake, CA",earthquake,0.17,0.51,0.302,9,automatic,ci,ci
2019-09-26T14:36:03.710Z,35.6706667,-117.5318333,4.8,1.42,ml,23,51,0.05724,0.22,ci,ci39095112,2019-09-26T14:39:50.512Z,"14km ENE of Ridgecrest, CA",earthquake,0.32,0.61,0.126,21,automatic,ci,ci
2019-09-26T14:34:15.110Z,35.8636667,-117.6816667,5.84,0.48,ml,10,83,0.08344,0.11,ci,ci39095104,2019-09-26T14:37:48.838Z,"22km ESE of Little Lake, CA",earthquake,0.33,0.98,0.025,5,automatic,ci,ci
2019-09-26T14:29:28.830Z,44.7816667,-111.0091667,10.36,0.92,ml,12,119,0.02244,0.18,uu,uu60343272,2019-09-26T23:40:57.440Z,"15km NNE of West Yellowstone, Montana",earthquake,0.49,0.75,0.075,3,reviewed,uu,uu
2019-09-26T14:29:14.190Z,44.7823333,-111.0078333,10.79,0.02,md,11,147,0.02303,0.19,uu,uu60019084,2019-09-26T23:44:05.360Z,"15km NNE of West Yellowstone, Montana",earthquake,0.51,0.82,0.268,7,reviewed,uu,uu
2019-09-26T14:27:35.400Z,35.6721667,-117.5355,4.92,0.74,ml,15,123,0.05702,0.24,ci,ci39095096,2019-09-26T14:31:16.642Z,"14km ENE of Ridgecrest, CA",earthquake,0.59,1.01,0.104,5,automatic,ci,ci
2019-09-26T14:20:56.170Z,18.9831,-67.3176,86,3.1,md,8,290,0.5554,0.33,pr,pr2019269036,2019-09-27T10:11:44.186Z,"59km NNW of San Antonio, Puerto Rico",earthquake,3.65,4.5,0.12,6,reviewed,pr,pr
2019-09-26T14:11:26.150Z,36.5600014,-121.2060013,3.81,1.69,md,11,169,0.02028,0.29,nc,nc73281275,2019-09-26T16:53:03.023Z,"6km WNW of Pinnacles, CA",earthquake,1.24,1.48,0.31,7,automatic,nc,nc
2019-09-26T14:05:13.500Z,19.1441,-67.2595,35,2.76,md,11,297,0.6927,0.38,pr,pr2019269034,2019-09-27T10:11:29.857Z,"74km NNW of San Antonio, Puerto Rico",earthquake,2.4,13.54,0.34,10,reviewed,pr,pr
2019-09-26T13:58:56.830Z,58.1803333,-155.3398333,3.14,-0.2,ml,8,119,0.0304,0.13,av,av70850239,2019-09-26T21:45:09.310Z,"95km SE of King Salmon, Alaska",earthquake,0.33,1.09,0.327,8,reviewed,av,av
2019-09-26T13:48:47.390Z,33.6456667,-116.715,13.4,0.42,ml,21,75,0.04145,0.12,ci,ci39095064,2019-09-26T16:21:49.457Z,"10km S of Idyllwild, CA",earthquake,0.32,0.5,0.093,5,reviewed,ci,ci
2019-09-26T13:48:04.890Z,19.2136,-67.335,28,3.05,md,9,303,0.7789,0.49,pr,pr2019269032,2019-09-27T10:11:15.170Z,"83km NNW of San Antonio, Puerto Rico",earthquake,2.53,23.25,0.42,9,reviewed,pr,pr
2019-09-26T13:46:14.467Z,38.2704,-118.6798,9.6,0.5,ml,4,281.09,0.139,0.0464,nn,nn00705488,2019-09-27T02:08:59.208Z,"28km S of Hawthorne, Nevada",earthquake,,8.2,0.25,2,reviewed,nn,nn
2019-09-26T13:44:48.210Z,19.1153,-66.4821,30,2.84,md,3,336,0.64,0.23,pr,pr2019269030,2019-09-27T10:10:54.522Z,"72km N of Tierras Nuevas Poniente, Puerto Rico",earthquake,2.8,10.6,0.21,3,reviewed,pr,pr
2019-09-26T13:44:02.930Z,35.8623333,-117.6875,3.8,0.85,ml,12,85,0.08266,0.14,ci,ci39095048,2019-09-26T13:47:46.268Z,"21km ESE of Little Lake, CA",earthquake,0.28,0.89,0.173,9,automatic,ci,ci
2019-09-26T13:44:00.340Z,55.5106667,-161.735,31.5,0.6,ml,6,227,0.09092,0.08,av,av70850229,2019-09-26T21:40:06.310Z,"72km ENE of Cold Bay, Alaska",earthquake,1.32,0.85,0.22,6,reviewed,av,av
2019-09-26T13:38:03.040Z,36.5888329,-121.189003,6.89,2.15,md,20,125,0.01734,0.05,nc,nc73281270,2019-09-26T16:26:03.849Z,"8km NNW of Pinnacles, CA",earthquake,0.31,0.55,0.19,21,automatic,nc,nc
2019-09-26T13:34:32.110Z,44.782,-111.0055,7.68,0.51,md,10,147,0.02267,0.16,uu,uu60343247,2019-09-26T14:25:43.270Z,"15km NNE of West Yellowstone, Montana",earthquake,0.53,0.75,0.256,6,reviewed,uu,uu
2019-09-26T13:27:55.210Z,37.6398315,-118.9420013,4.87,1.23,md,15,71,0.02622,0.01,nc,nc73281265,2019-09-26T16:11:02.749Z,"3km E of Mammoth Lakes, CA",earthquake,0.48,0.94,0.15,13,automatic,nc,nc
2019-09-26T13:27:39.452Z,66.348,-149.9419,9.1,1.3,ml,,,,0.63,ak,ak019cd3gv2z,2019-09-26T13:31:20.510Z,"101km S of Coldfoot, Alaska",earthquake,,0.4,,,automatic,ak,ak
2019-09-26T13:26:50.300Z,44.7818333,-111.002,8.24,0.81,ml,12,147,0.0227,0.18,uu,uu60343242,2019-09-26T14:22:36.290Z,"15km NNE of West Yellowstone, Montana",earthquake,0.63,0.84,0.119,2,reviewed,uu,uu
2019-09-26T13:20:55.810Z,35.6778333,-117.4596667,7.35,1.05,ml,20,123,0.03193,0.27,ci,ci39095032,2019-09-26T13:37:23.650Z,"11km SSW of Searles Valley, CA",earthquake,0.55,1.02,0.216,13,reviewed,ci,ci
2019-09-26T13:19:43.550Z,19.1695004,-155.427002,36.01,2.04,md,48,172,0.07317,0.11,hv,hv71151246,2019-09-26T13:23:02.420Z,"6km SE of Pahala, Hawaii",earthquake,0.54,0.66,0.13,8,automatic,hv,hv
2019-09-26T13:10:03.890Z,35.9888333,-117.6463333,-0.14,1.14,ml,14,84,0.04098,0.21,ci,ci39095016,2019-09-26T13:13:50.506Z,"24km ENE of Little Lake, CA",earthquake,0.48,1.04,0.151,15,automatic,ci,ci
2019-09-26T13:09:01.859Z,63.5383,-147.2326,19.1,1.5,ml,,,,0.68,ak,ak019cd3cxak,2019-09-26T13:13:37.138Z,"87km ENE of Cantwell, Alaska",earthquake,,0.5,,,automatic,ak,ak
2019-09-26T13:08:28.940Z,44.5933333,-110.7273333,8.01,0.81,ml,11,131,0.06131,0.1,uu,uu60343237,2019-09-26T13:57:22.480Z,"16km NNE of Old Faithful Geyser, Wyoming",earthquake,0.53,0.93,0.19,3,reviewed,uu,uu
2019-09-26T13:07:47.564Z,37.2257,-114.9614,1.6,1.2,ml,12,225.77,0.195,0.1797,nn,nn00705439,2019-09-27T02:08:31.496Z,"23km SE of Alamo, Nevada",earthquake,,5.1,0.27,8,reviewed,nn,nn
2019-09-26T13:07:01.800Z,52.1066667,178.3693333,3.37,1.21,ml,4,349,0.1643,0.04,av,av70850224,2019-09-27T00:01:16.030Z,"19km NNW of Little Sitkin Island, Alaska",earthquake,3.75,1.01,0.085,4,reviewed,av,av
2019-09-26T13:07:00.211Z,-28.8,-176.0497,57.86,4.9,mb,,123,1.704,0.71,us,us70005lmz,2019-09-26T15:27:58.040Z,"187km ENE of Raoul Island, New Zealand",earthquake,15.1,8.1,0.082,46,reviewed,us,us
2019-09-26T13:04:21.570Z,28.0881,84.4392,10,4.4,mb,,177,6.08,0.77,us,us70005lmv,2019-09-26T20:46:08.040Z,"15km SSE of Lamjung, Nepal",earthquake,9.8,1.9,0.101,28,reviewed,us,us
2019-09-26T13:02:08.857Z,28.0078,-20.1435,10,4.8,mb,,153,3.219,0.8,us,us70005lmr,2019-09-26T16:26:27.191Z,"212km W of Frontera, Spain",earthquake,11.7,1.9,0.064,75,reviewed,us,us
2019-09-26T13:01:20.430Z,35.7038333,-117.4778333,10.2,0.93,ml,10,175,0.1104,0.27,ci,ci39094992,2019-09-26T13:04:51.331Z,"10km SW of Searles Valley, CA",earthquake,1.15,2.31,0.11,7,automatic,ci,ci
